Anno;Codice Regione;Descrizione Regione;Codice ASL;ASL;SERD;; Nuovi Utenti;Utenti rientrati o già in carico; Totale
2021;010;PIEMONTE;203;TO3;A12                    ;;10;19;29
2021;010;PIEMONTE;203;TO3;A18                    ;;9;14;23
2021;010;PIEMONTE;203;TO3;B01                    ;;23;25;48
2021;010;PIEMONTE;203;TO3;B03                    ;;;52;52
2021;010;PIEMONTE;203;TO3;S01                    ;;14;168;182
2021;010;PIEMONTE;203;TO3;S02                    ;;10;153;163
2021;010;PIEMONTE;203;TO3;S03                    ;;19;81;100
2021;010;PIEMONTE;203;TO3;S11                    ;;14;121;135
2021;010;PIEMONTE;203;TO3;S13                    ;;7;69;76
2021;010;PIEMONTE;203;TO3;S16                    ;;1;22;23
2021;010;PIEMONTE;203;TO3;S17                    ;;4;31;35
2021;010;PIEMONTE;203;TO3;S18                    ;;18;152;170
2021;010;PIEMONTE;203;TO3;S19                    ;;14;229;243
2021;010;PIEMONTE;204;TO4;S01                    ;;24;209;233
2021;010;PIEMONTE;204;TO4;S02                    ;;1;19;20
2021;010;PIEMONTE;204;TO4;S03                    ;;24;209;233
2021;010;PIEMONTE;204;TO4;S05                    ;;18;250;268
2021;010;PIEMONTE;204;TO4;S07                    ;;;40;40
2021;010;PIEMONTE;204;TO4;S18                    ;;16;231;247
2021;010;PIEMONTE;204;TO4;S19                    ;;14;276;290
2021;010;PIEMONTE;204;TO4;S20                    ;;3;56;59
2021;010;PIEMONTE;204;TO4;S22                    ;;18;69;87
2021;010;PIEMONTE;205;TO5;S01                    ;;30;154;184
2021;010;PIEMONTE;205;TO5;S02                    ;;17;184;201
2021;010;PIEMONTE;205;TO5;S03                    ;;20;63;83
2021;010;PIEMONTE;205;TO5;S04                    ;;32;186;218
2021;010;PIEMONTE;206;VC;S01                    ;;9;200;209
2021;010;PIEMONTE;206;VC;S03                    ;;1;71;72
2021;010;PIEMONTE;206;VC;S05                    ;;1;51;52
2021;010;PIEMONTE;207;BI;S01                    ;;31;311;342
2021;010;PIEMONTE;207;BI;S02                    ;;22;215;237
2021;010;PIEMONTE;207;BI;S03                    ;;5;68;73
2021;010;PIEMONTE;208;NO;S01                    ;;38;210;248
2021;010;PIEMONTE;208;NO;S02                    ;;20;107;127
2021;010;PIEMONTE;208;NO;S03                    ;;12;131;143
2021;010;PIEMONTE;208;NO;S04                    ;;6;136;142
2021;010;PIEMONTE;208;NO;S09                    ;;1;17;18
2021;010;PIEMONTE;209;VCO;S01                    ;;12;124;136
2021;010;PIEMONTE;209;VCO;S02                    ;;13;190;203
2021;010;PIEMONTE;209;VCO;S03                    ;;11;90;101
2021;010;PIEMONTE;209;VCO;S04                    ;;;9;9
2021;010;PIEMONTE;210;CN1;A01                    ;;;1;1
2021;010;PIEMONTE;210;CN1;S01                    ;;6;254;260
2021;010;PIEMONTE;210;CN1;S04                    ;;4;33;37
2021;010;PIEMONTE;210;CN1;S05                    ;;17;119;136
2021;010;PIEMONTE;210;CN1;S06                    ;;1;3;4
2021;010;PIEMONTE;210;CN1;S07                    ;;21;127;148
2021;010;PIEMONTE;210;CN1;S09                    ;;23;93;116
2021;010;PIEMONTE;210;CN1;S11                    ;;3;6;9
2021;010;PIEMONTE;210;CN1;S12                    ;;;8;8
2021;010;PIEMONTE;211;CN2;S01                    ;;35;176;211
2021;010;PIEMONTE;211;CN2;S02                    ;;44;234;278
2021;010;PIEMONTE;211;CN2;S03                    ;;7;15;22
2021;010;PIEMONTE;212;AT;S01                    ;;17;302;319
2021;010;PIEMONTE;212;AT;S02                    ;;7;91;98
2021;010;PIEMONTE;212;AT;S03                    ;;;3;3
2021;010;PIEMONTE;213;AL;B01                    ;;3;46;49
2021;010;PIEMONTE;213;AL;S01                    ;;29;313;342
2021;010;PIEMONTE;213;AL;S02                    ;;10;123;133
2021;010;PIEMONTE;213;AL;S07                    ;;2;52;54
2021;010;PIEMONTE;213;AL;S08                    ;;15;208;223
2021;010;PIEMONTE;213;AL;S09                    ;;7;123;130
2021;010;PIEMONTE;213;AL;S10                    ;;;6;6
2021;010;PIEMONTE;213;AL;S11                    ;;7;117;124
2021;010;PIEMONTE;301;ASL CITTA' DI TORINO;A02                    ;;1;14;15
2021;010;PIEMONTE;301;ASL CITTA' DI TORINO;A12                    ;;;31;31
2021;010;PIEMONTE;301;ASL CITTA' DI TORINO;S01                    ;;11;345;356
2021;010;PIEMONTE;301;ASL CITTA' DI TORINO;S02                    ;;91;142;233
2021;010;PIEMONTE;301;ASL CITTA' DI TORINO;S03                    ;;18;226;244
2021;010;PIEMONTE;301;ASL CITTA' DI TORINO;S04                    ;;20;409;429
2021;010;PIEMONTE;301;ASL CITTA' DI TORINO;S09                    ;;60;269;329
2021;010;PIEMONTE;301;ASL CITTA' DI TORINO;S10                    ;;10;268;278
2021;010;PIEMONTE;301;ASL CITTA' DI TORINO;S11                    ;;41;421;462
2021;010;PIEMONTE;301;ASL CITTA' DI TORINO;S12                    ;;7;453;460
2021;010;PIEMONTE;301;ASL CITTA' DI TORINO;S13                    ;;;4;4
2021;010;PIEMONTE;301;ASL CITTA' DI TORINO;S16                    ;;21;429;450
2021;010;PIEMONTE;301;ASL CITTA' DI TORINO;S17                    ;;105;174;279
2021;020;VALLE D'AOSTA;101;AZIENDA U.S.L. VALLE D'AOSTA;A01                    ;;1;21;22
2021;020;VALLE D'AOSTA;101;AZIENDA U.S.L. VALLE D'AOSTA;B01                    ;;3;29;32
2021;020;VALLE D'AOSTA;101;AZIENDA U.S.L. VALLE D'AOSTA;S01                    ;;26;204;230
2021;030;LOMBARDIA;321;ATS DELLA CITTA' METROPOLITANA DI MILANO;S22                    ;;92;367;459
2021;030;LOMBARDIA;321;ATS DELLA CITTA' METROPOLITANA DI MILANO;S70                    ;;122;159;281
2021;030;LOMBARDIA;323;ATS DELLA MONTAGNA;S47                    ;;9;89;98
2021;030;LOMBARDIA;324;ATS DELLA BRIANZA;S10                    ;;70;93;163
2021;030;LOMBARDIA;324;ATS DELLA BRIANZA;S91                    ;;46;100;146
2021;030;LOMBARDIA;325;ATS DI BERGAMO;S01                    ;;69;233;302
2021;030;LOMBARDIA;325;ATS DI BERGAMO;S02                    ;;39;147;186
2021;030;LOMBARDIA;326;ATS DI BRESCIA;S91                    ;;144;288;432
2021;030;LOMBARDIA;326;ATS DI BRESCIA;S92                    ;;81;241;322
2021;030;LOMBARDIA;326;ATS DI BRESCIA;S93                    ;;66;240;306
2021;030;LOMBARDIA;326;ATS DI BRESCIA;S94                    ;;64;246;310
2021;030;LOMBARDIA;327;ATS DELLA VAL PADANA;S01                    ;;16;22;38
2021;030;LOMBARDIA;705;ASST OVEST MILANESE;S03                    ;;;8;8
2021;030;LOMBARDIA;705;ASST OVEST MILANESE;S04                    ;;36;242;278
2021;030;LOMBARDIA;705;ASST OVEST MILANESE;S06                    ;;47;241;288
2021;030;LOMBARDIA;706;ASST RHODENSE;S01                    ;;39;105;144
2021;030;LOMBARDIA;706;ASST RHODENSE;S02                    ;;88;290;378
2021;030;LOMBARDIA;706;ASST RHODENSE;S07                    ;;42;229;271
2021;030;LOMBARDIA;707;ASST NORD MILANO;S08                    ;;54;381;435
2021;030;LOMBARDIA;708;ASST MELEGNANO E DELLA MARTESANA;S01                    ;;76;260;336
2021;030;LOMBARDIA;708;ASST MELEGNANO E DELLA MARTESANA;S02                    ;;207;510;717
2021;030;LOMBARDIA;708;ASST MELEGNANO E DELLA MARTESANA;S03                    ;;79;249;328
2021;030;LOMBARDIA;709;ASST DI LODI;S01                    ;;170;381;551
2021;030;LOMBARDIA;709;ASST DI LODI;S02                    ;;36;128;164
2021;030;LOMBARDIA;709;ASST DI LODI;S03                    ;;27;149;176
2021;030;LOMBARDIA;710;ASST DEI SETTE LAGHI;S01                    ;;61;251;312
2021;030;LOMBARDIA;710;ASST DEI SETTE LAGHI;S02                    ;;12;87;99
2021;030;LOMBARDIA;710;ASST DEI SETTE LAGHI;S03                    ;;26;137;163
2021;030;LOMBARDIA;710;ASST DEI SETTE LAGHI;S04                    ;;20;222;242
2021;030;LOMBARDIA;711;ASST DELLA VALLE OLONA;S01                    ;;31;307;338
2021;030;LOMBARDIA;711;ASST DELLA VALLE OLONA;S02                    ;;36;282;318
2021;030;LOMBARDIA;711;ASST DELLA VALLE OLONA;S03                    ;;80;266;346
2021;030;LOMBARDIA;712;ASST LARIANA;S01                    ;;87;489;576
2021;030;LOMBARDIA;712;ASST LARIANA;S02                    ;;27;320;347
2021;030;LOMBARDIA;712;ASST LARIANA;S03                    ;;1;80;81
2021;030;LOMBARDIA;712;ASST LARIANA;S06                    ;;42;354;396
2021;030;LOMBARDIA;713;ASST DELLA VALTELLINA E DELL'ALTO LARIO;A01                    ;;3;9;12
2021;030;LOMBARDIA;713;ASST DELLA VALTELLINA E DELL'ALTO LARIO;B01                    ;;6;40;46
2021;030;LOMBARDIA;713;ASST DELLA VALTELLINA E DELL'ALTO LARIO;C01                    ;;13;110;123
2021;030;LOMBARDIA;713;ASST DELLA VALTELLINA E DELL'ALTO LARIO;D01                    ;;11;59;70
2021;030;LOMBARDIA;713;ASST DELLA VALTELLINA E DELL'ALTO LARIO;S01                    ;;16;120;136
2021;030;LOMBARDIA;714;ASST DELLA VALCAMONICA;S01                    ;;37;115;152
2021;030;LOMBARDIA;717;ASST DELLA BRIANZA;S07                    ;;2;33;35
2021;030;LOMBARDIA;718;ASST PAPA GIOVANNI XXIII;S01                    ;;204;1144;1348
2021;030;LOMBARDIA;719;ASST DI BERGAMO OVEST;S01                    ;;17;213;230
2021;030;LOMBARDIA;719;ASST DI BERGAMO OVEST;S02                    ;;4;188;192
2021;030;LOMBARDIA;719;ASST DI BERGAMO OVEST;S03                    ;;23;161;184
2021;030;LOMBARDIA;720;ASST DI BERGAMO EST;S01                    ;;24;180;204
2021;030;LOMBARDIA;720;ASST DI BERGAMO EST;S02                    ;;19;82;101
2021;030;LOMBARDIA;721;ASST DEGLI SPEDALI CIVILI DI BRESCIA;S01                    ;;57;438;495
2021;030;LOMBARDIA;721;ASST DEGLI SPEDALI CIVILI DI BRESCIA;S21                    ;;10;15;25
2021;030;LOMBARDIA;721;ASST DEGLI SPEDALI CIVILI DI BRESCIA;S22                    ;;55;172;227
2021;030;LOMBARDIA;722;ASST DELLA FRANCIACORTA;S04                    ;;22;159;181
2021;030;LOMBARDIA;722;ASST DELLA FRANCIACORTA;S10                    ;;19;174;193
2021;030;LOMBARDIA;723;ASST DEL GARDA;S02                    ;;16;173;189
2021;030;LOMBARDIA;723;ASST DEL GARDA;S09                    ;;6;118;124
2021;030;LOMBARDIA;724;ASST DI CREMONA;S01                    ;;139;522;661
2021;030;LOMBARDIA;724;ASST DI CREMONA;S02                    ;;6;55;61
2021;030;LOMBARDIA;725;ASST DI MANTOVA;S01                    ;;93;309;402
2021;030;LOMBARDIA;725;ASST DI MANTOVA;S02                    ;;20;73;93
2021;030;LOMBARDIA;725;ASST DI MANTOVA;S03                    ;;12;70;82
2021;030;LOMBARDIA;725;ASST DI MANTOVA;S04                    ;;11;47;58
2021;030;LOMBARDIA;725;ASST DI MANTOVA;S06                    ;;18;128;146
2021;030;LOMBARDIA;726;ASST DI CREMA;S01                    ;;74;417;491
2021;030;LOMBARDIA;727;ASST DI PAVIA;S01                    ;;28;260;288
2021;030;LOMBARDIA;727;ASST DI PAVIA;S02                    ;;105;724;829
2021;030;LOMBARDIA;727;ASST DI PAVIA;S03                    ;;67;400;467
2021;041;PROV. AUTON. BOLZANO;201;AZIENDA SANITARIA DELLA P.A. DI BOLZANO;S01                    ;;136;630;766
2021;041;PROV. AUTON. BOLZANO;201;AZIENDA SANITARIA DELLA P.A. DI BOLZANO;S02                    ;;77;273;350
2021;041;PROV. AUTON. BOLZANO;201;AZIENDA SANITARIA DELLA P.A. DI BOLZANO;S03                    ;;37;72;109
2021;041;PROV. AUTON. BOLZANO;201;AZIENDA SANITARIA DELLA P.A. DI BOLZANO;S04                    ;;34;93;127
2021;042;PROV. AUTON. TRENTO;101;TRENTO;A01                    ;;8;159;167
2021;042;PROV. AUTON. TRENTO;101;TRENTO;B01                    ;;4;153;157
2021;042;PROV. AUTON. TRENTO;101;TRENTO;S01                    ;;82;648;730
2021;050;VENETO;501;AZIENDA ULSS N. 1 DOLOMITI;S01                    ;;19;126;145
2021;050;VENETO;501;AZIENDA ULSS N. 1 DOLOMITI;S02                    ;;3;40;43
2021;050;VENETO;501;AZIENDA ULSS N. 1 DOLOMITI;S03                    ;;45;104;149
2021;050;VENETO;501;AZIENDA ULSS N. 1 DOLOMITI;S04                    ;;8;30;38
2021;050;VENETO;502;AZIENDA ULSS N. 2 MARCA TREVIGIANA;S01                    ;;87;427;514
2021;050;VENETO;502;AZIENDA ULSS N. 2 MARCA TREVIGIANA;S02                    ;;26;262;288
2021;050;VENETO;502;AZIENDA ULSS N. 2 MARCA TREVIGIANA;S03                    ;;50;54;104
2021;050;VENETO;502;AZIENDA ULSS N. 2 MARCA TREVIGIANA;S04                    ;;39;153;192
2021;050;VENETO;502;AZIENDA ULSS N. 2 MARCA TREVIGIANA;S06                    ;;112;545;657
2021;050;VENETO;503;AZIENDA ULSS N. 3 SERENISSIMA;S01                    ;;115;546;661
2021;050;VENETO;503;AZIENDA ULSS N. 3 SERENISSIMA;S02                    ;;75;390;465
2021;050;VENETO;503;AZIENDA ULSS N. 3 SERENISSIMA;S03                    ;;32;147;179
2021;050;VENETO;503;AZIENDA ULSS N. 3 SERENISSIMA;S04                    ;;24;293;317
2021;050;VENETO;503;AZIENDA ULSS N. 3 SERENISSIMA;S05                    ;;9;207;216
2021;050;VENETO;504;AZIENDA ULSS N. 4 VENETO ORIENTALE;S01                    ;;30;220;250
2021;050;VENETO;504;AZIENDA ULSS N. 4 VENETO ORIENTALE;S02                    ;;66;272;338
2021;050;VENETO;505;AZIENDA ULSS N. 5 POLESANA;S01                    ;;33;169;202
2021;050;VENETO;505;AZIENDA ULSS N. 5 POLESANA;S02                    ;;22;202;224
2021;050;VENETO;505;AZIENDA ULSS N. 5 POLESANA;S03                    ;;85;120;205
2021;050;VENETO;506;AZIENDA ULSS N. 6 EUGANEA;S51                    ;;20;223;243
2021;050;VENETO;506;AZIENDA ULSS N. 6 EUGANEA;S52                    ;;31;171;202
2021;050;VENETO;506;AZIENDA ULSS N. 6 EUGANEA;S61                    ;;237;660;897
2021;050;VENETO;506;AZIENDA ULSS N. 6 EUGANEA;S62                    ;;20;116;136
2021;050;VENETO;506;AZIENDA ULSS N. 6 EUGANEA;S71                    ;;9;187;196
2021;050;VENETO;506;AZIENDA ULSS N. 6 EUGANEA;S72                    ;;9;221;230
2021;050;VENETO;507;AZIENDA ULSS N. 7 PEDEMONTANA ;S01                    ;;52;457;509
2021;050;VENETO;507;AZIENDA ULSS N. 7 PEDEMONTANA ;S02                    ;;13;160;173
2021;050;VENETO;507;AZIENDA ULSS N. 7 PEDEMONTANA ;S03                    ;;;13;13
2021;050;VENETO;508;AZIENDA ULSS N. 8 BERICA ;S01                    ;;26;92;118
2021;050;VENETO;508;AZIENDA ULSS N. 8 BERICA ;S02                    ;;72;605;677
2021;050;VENETO;508;AZIENDA ULSS N. 8 BERICA ;S03                    ;;10;150;160
2021;050;VENETO;508;AZIENDA ULSS N. 8 BERICA ;S04                    ;;13;237;250
2021;050;VENETO;509;AZIENDA ULSS N. 9 SCALIGERA;S01                    ;;77;632;709
2021;050;VENETO;509;AZIENDA ULSS N. 9 SCALIGERA;S03                    ;;24;244;268
2021;050;VENETO;509;AZIENDA ULSS N. 9 SCALIGERA;S11                    ;;16;110;126
2021;050;VENETO;509;AZIENDA ULSS N. 9 SCALIGERA;S12                    ;;22;194;216
2021;050;VENETO;509;AZIENDA ULSS N. 9 SCALIGERA;S21                    ;;37;239;276
2021;050;VENETO;509;AZIENDA ULSS N. 9 SCALIGERA;S22                    ;;38;166;204
2021;060;FRIULI VENEZIA GIULIA;205;AS FRIULI OCCIDENTALE;A06                    ;;4;52;56
2021;060;FRIULI VENEZIA GIULIA;205;AS FRIULI OCCIDENTALE;B06                    ;;7;71;78
2021;060;FRIULI VENEZIA GIULIA;205;AS FRIULI OCCIDENTALE;D06                    ;;6;105;111
2021;060;FRIULI VENEZIA GIULIA;205;AS FRIULI OCCIDENTALE;E06                    ;;15;89;104
2021;060;FRIULI VENEZIA GIULIA;205;AS FRIULI OCCIDENTALE;S06                    ;;24;186;210
2021;060;FRIULI VENEZIA GIULIA;206;ASU FRIULI CENTRALE;A03                    ;;1;89;90
2021;060;FRIULI VENEZIA GIULIA;206;ASU FRIULI CENTRALE;S03                    ;;6;68;74
2021;060;FRIULI VENEZIA GIULIA;206;ASU FRIULI CENTRALE;S04                    ;;8;123;131
2021;060;FRIULI VENEZIA GIULIA;206;ASU FRIULI CENTRALE;S05                    ;;39;556;595
2021;060;FRIULI VENEZIA GIULIA;207;ASU GIULIANO ISONTINA;A01                    ;;12;32;44
2021;060;FRIULI VENEZIA GIULIA;207;ASU GIULIANO ISONTINA;A02                    ;;1;99;100
2021;060;FRIULI VENEZIA GIULIA;207;ASU GIULIANO ISONTINA;S01                    ;;15;196;211
2021;060;FRIULI VENEZIA GIULIA;207;ASU GIULIANO ISONTINA;S02                    ;;13;10;23
2021;070;LIGURIA;101;IMPERIESE;S01                    ;;11;250;261
2021;070;LIGURIA;101;IMPERIESE;S02                    ;;;85;85
2021;070;LIGURIA;101;IMPERIESE;S03                    ;;;172;172
2021;070;LIGURIA;102;SAVONESE;S01                    ;;1;261;262
2021;070;LIGURIA;102;SAVONESE;S02                    ;;;114;114
2021;070;LIGURIA;102;SAVONESE;S03                    ;;;87;87
2021;070;LIGURIA;102;SAVONESE;S04                    ;;;43;43
2021;070;LIGURIA;103;GENOVESE;S01                    ;;28;475;503
2021;070;LIGURIA;103;GENOVESE;S02                    ;;46;385;431
2021;070;LIGURIA;103;GENOVESE;S03                    ;;3;265;268
2021;070;LIGURIA;103;GENOVESE;S04                    ;;10;280;290
2021;070;LIGURIA;103;GENOVESE;S05                    ;;26;360;386
2021;070;LIGURIA;103;GENOVESE;S06                    ;;13;174;187
2021;070;LIGURIA;104;CHIAVARESE;S01                    ;;81;351;432
2021;070;LIGURIA;105;SPEZZINO;S01                    ;;4;372;376
2021;070;LIGURIA;105;SPEZZINO;S02                    ;;1;251;252
2021;080;EMILIA ROMAGNA;101;AZIENDA USL PIACENZA;C02                    ;;121;204;325
2021;080;EMILIA ROMAGNA;101;AZIENDA USL PIACENZA;S01                    ;;17;95;112
2021;080;EMILIA ROMAGNA;101;AZIENDA USL PIACENZA;S02                    ;;34;203;237
2021;080;EMILIA ROMAGNA;101;AZIENDA USL PIACENZA;S03                    ;;9;97;106
2021;080;EMILIA ROMAGNA;102;AZIENDA USL PARMA;C01                    ;;53;83;136
2021;080;EMILIA ROMAGNA;102;AZIENDA USL PARMA;S01                    ;;68;538;606
2021;080;EMILIA ROMAGNA;102;AZIENDA USL PARMA;S02                    ;;29;192;221
2021;080;EMILIA ROMAGNA;102;AZIENDA USL PARMA;S03                    ;;7;67;74
2021;080;EMILIA ROMAGNA;102;AZIENDA USL PARMA;S04                    ;;16;123;139
2021;080;EMILIA ROMAGNA;102;AZIENDA USL PARMA;S05                    ;;5;53;58
2021;080;EMILIA ROMAGNA;103;AZIENDA USL REGGIO EMILIA;S01                    ;;4;51;55
2021;080;EMILIA ROMAGNA;103;AZIENDA USL REGGIO EMILIA;S02                    ;;60;487;547
2021;080;EMILIA ROMAGNA;103;AZIENDA USL REGGIO EMILIA;S03                    ;;11;120;131
2021;080;EMILIA ROMAGNA;103;AZIENDA USL REGGIO EMILIA;S04                    ;;8;72;80
2021;080;EMILIA ROMAGNA;103;AZIENDA USL REGGIO EMILIA;S05                    ;;13;98;111
2021;080;EMILIA ROMAGNA;103;AZIENDA USL REGGIO EMILIA;S06                    ;;2;40;42
2021;080;EMILIA ROMAGNA;104;AZIENDA USL MODENA;S01                    ;;18;135;153
2021;080;EMILIA ROMAGNA;104;AZIENDA USL MODENA;S02                    ;;15;80;95
2021;080;EMILIA ROMAGNA;104;AZIENDA USL MODENA;S03                    ;;45;411;456
2021;080;EMILIA ROMAGNA;104;AZIENDA USL MODENA;S04                    ;;23;143;166
2021;080;EMILIA ROMAGNA;104;AZIENDA USL MODENA;S05                    ;;8;42;50
2021;080;EMILIA ROMAGNA;104;AZIENDA USL MODENA;S06                    ;;19;104;123
2021;080;EMILIA ROMAGNA;104;AZIENDA USL MODENA;S07                    ;;19;109;128
2021;080;EMILIA ROMAGNA;105;AZIENDA USL BOLOGNA;C09                    ;;53;237;290
2021;080;EMILIA ROMAGNA;105;AZIENDA USL BOLOGNA;S01                    ;;22;124;146
2021;080;EMILIA ROMAGNA;105;AZIENDA USL BOLOGNA;S02                    ;;8;38;46
2021;080;EMILIA ROMAGNA;105;AZIENDA USL BOLOGNA;S03                    ;;10;182;192
2021;080;EMILIA ROMAGNA;105;AZIENDA USL BOLOGNA;S04                    ;;5;71;76
2021;080;EMILIA ROMAGNA;105;AZIENDA USL BOLOGNA;S05                    ;;23;122;145
2021;080;EMILIA ROMAGNA;105;AZIENDA USL BOLOGNA;S06                    ;;20;116;136
2021;080;EMILIA ROMAGNA;105;AZIENDA USL BOLOGNA;S07                    ;;36;336;372
2021;080;EMILIA ROMAGNA;105;AZIENDA USL BOLOGNA;S08                    ;;46;279;325
2021;080;EMILIA ROMAGNA;105;AZIENDA USL BOLOGNA;S09                    ;;104;148;252
2021;080;EMILIA ROMAGNA;106;AZIENDA USL IMOLA;S01                    ;;15;184;199
2021;080;EMILIA ROMAGNA;109;AZIENDA USL FERRARA;S01                    ;;56;318;374
2021;080;EMILIA ROMAGNA;109;AZIENDA USL FERRARA;S02                    ;;5;64;69
2021;080;EMILIA ROMAGNA;109;AZIENDA USL FERRARA;S03                    ;;17;122;139
2021;080;EMILIA ROMAGNA;109;AZIENDA USL FERRARA;S04                    ;;20;63;83
2021;080;EMILIA ROMAGNA;109;AZIENDA USL FERRARA;S05                    ;;21;89;110
2021;080;EMILIA ROMAGNA;114;AZIENDA USL DELLA ROMAGNA;S01                    ;;20;385;405
2021;080;EMILIA ROMAGNA;114;AZIENDA USL DELLA ROMAGNA;S02                    ;;14;150;164
2021;080;EMILIA ROMAGNA;114;AZIENDA USL DELLA ROMAGNA;S03                    ;;13;203;216
2021;080;EMILIA ROMAGNA;114;AZIENDA USL DELLA ROMAGNA;S05                    ;;32;343;375
2021;080;EMILIA ROMAGNA;114;AZIENDA USL DELLA ROMAGNA;S06                    ;;26;371;397
2021;080;EMILIA ROMAGNA;114;AZIENDA USL DELLA ROMAGNA;S07                    ;;41;688;729
2021;090;TOSCANA;201;AZIENDA USL TOSCANA CENTRO;S21                    ;;30;173;203
2021;090;TOSCANA;201;AZIENDA USL TOSCANA CENTRO;S22                    ;;50;226;276
2021;090;TOSCANA;201;AZIENDA USL TOSCANA CENTRO;S23                    ;;24;198;222
2021;090;TOSCANA;201;AZIENDA USL TOSCANA CENTRO;S24                    ;;;7;7
2021;090;TOSCANA;201;AZIENDA USL TOSCANA CENTRO;S26                    ;;49;462;511
2021;090;TOSCANA;201;AZIENDA USL TOSCANA CENTRO;S27                    ;;41;278;319
2021;090;TOSCANA;201;AZIENDA USL TOSCANA CENTRO;S28                    ;;38;377;415
2021;090;TOSCANA;201;AZIENDA USL TOSCANA CENTRO;S29                    ;;25;184;209
2021;090;TOSCANA;201;AZIENDA USL TOSCANA CENTRO;S30                    ;;18;117;135
2021;090;TOSCANA;201;AZIENDA USL TOSCANA CENTRO;S31                    ;;50;182;232
2021;090;TOSCANA;201;AZIENDA USL TOSCANA CENTRO;S32                    ;;56;257;313
2021;090;TOSCANA;201;AZIENDA USL TOSCANA CENTRO;S33                    ;;62;288;350
2021;090;TOSCANA;201;AZIENDA USL TOSCANA CENTRO;S34                    ;;266;752;1018
2021;090;TOSCANA;201;AZIENDA USL TOSCANA CENTRO;S35                    ;;76;395;471
2021;090;TOSCANA;202;AZIENDA USL TOSCANA NORD-OVEST;S41                    ;;59;608;667
2021;090;TOSCANA;202;AZIENDA USL TOSCANA NORD-OVEST;S42                    ;;16;105;121
2021;090;TOSCANA;202;AZIENDA USL TOSCANA NORD-OVEST;S43                    ;;78;584;662
2021;090;TOSCANA;202;AZIENDA USL TOSCANA NORD-OVEST;S44                    ;;8;148;156
2021;090;TOSCANA;202;AZIENDA USL TOSCANA NORD-OVEST;S45                    ;;38;777;815
2021;090;TOSCANA;202;AZIENDA USL TOSCANA NORD-OVEST;S46                    ;;18;254;272
2021;090;TOSCANA;202;AZIENDA USL TOSCANA NORD-OVEST;S47                    ;;2;72;74
2021;090;TOSCANA;202;AZIENDA USL TOSCANA NORD-OVEST;S48                    ;;30;144;174
2021;090;TOSCANA;202;AZIENDA USL TOSCANA NORD-OVEST;S49                    ;;62;783;845
2021;090;TOSCANA;202;AZIENDA USL TOSCANA NORD-OVEST;S50                    ;;13;107;120
2021;090;TOSCANA;202;AZIENDA USL TOSCANA NORD-OVEST;S51                    ;;5;93;98
2021;090;TOSCANA;202;AZIENDA USL TOSCANA NORD-OVEST;S52                    ;;47;619;666
2021;090;TOSCANA;203;AZIENDA USL TOSCANA SUD-EST;S61                    ;;10;61;71
2021;090;TOSCANA;203;AZIENDA USL TOSCANA SUD-EST;S62                    ;;24;186;210
2021;090;TOSCANA;203;AZIENDA USL TOSCANA SUD-EST;S63                    ;;25;195;220
2021;090;TOSCANA;203;AZIENDA USL TOSCANA SUD-EST;S64                    ;;4;103;107
2021;090;TOSCANA;203;AZIENDA USL TOSCANA SUD-EST;S65                    ;;35;520;555
2021;090;TOSCANA;203;AZIENDA USL TOSCANA SUD-EST;S66                    ;;9;77;86
2021;090;TOSCANA;203;AZIENDA USL TOSCANA SUD-EST;S67                    ;;28;280;308
2021;090;TOSCANA;203;AZIENDA USL TOSCANA SUD-EST;S68                    ;;17;125;142
2021;090;TOSCANA;203;AZIENDA USL TOSCANA SUD-EST;S69                    ;;13;102;115
2021;090;TOSCANA;203;AZIENDA USL TOSCANA SUD-EST;S70                    ;;28;379;407
2021;090;TOSCANA;203;AZIENDA USL TOSCANA SUD-EST;S71                    ;;9;135;144
2021;090;TOSCANA;203;AZIENDA USL TOSCANA SUD-EST;S72                    ;;2;130;132
2021;090;TOSCANA;203;AZIENDA USL TOSCANA SUD-EST;S73                    ;;;17;17
2021;100;UMBRIA;201;AUSL UMBRIA N. 1;S11                    ;;8;171;179
2021;100;UMBRIA;201;AUSL UMBRIA N. 1;S12                    ;;22;92;114
2021;100;UMBRIA;201;AUSL UMBRIA N. 1;S21                    ;;42;414;456
2021;100;UMBRIA;201;AUSL UMBRIA N. 1;S22                    ;;6;63;69
2021;100;UMBRIA;201;AUSL UMBRIA N. 1;S23                    ;;7;86;93
2021;100;UMBRIA;201;AUSL UMBRIA N. 1;S24                    ;;1;99;100
2021;100;UMBRIA;202;AUSL UMBRIA N. 2;S31                    ;;44;278;322
2021;100;UMBRIA;202;AUSL UMBRIA N. 2;S32                    ;;20;110;130
2021;100;UMBRIA;202;AUSL UMBRIA N. 2;S41                    ;;77;348;425
2021;100;UMBRIA;202;AUSL UMBRIA N. 2;S42                    ;;20;60;80
2021;100;UMBRIA;202;AUSL UMBRIA N. 2;S43                    ;;48;108;156
2021;110;MARCHE;201;ASUR;S01                    ;;92;333;425
2021;110;MARCHE;201;ASUR;S02                    ;;37;116;153
2021;110;MARCHE;201;ASUR;S03                    ;;53;190;243
2021;110;MARCHE;201;ASUR;S04                    ;;82;196;278
2021;110;MARCHE;201;ASUR;S05                    ;;83;278;361
2021;110;MARCHE;201;ASUR;S06                    ;;27;62;89
2021;110;MARCHE;201;ASUR;S07                    ;;265;645;910
2021;110;MARCHE;201;ASUR;S08                    ;;81;323;404
2021;110;MARCHE;201;ASUR;S09                    ;;53;335;388
2021;110;MARCHE;201;ASUR;S10                    ;;20;53;73
2021;110;MARCHE;201;ASUR;S11                    ;;77;393;470
2021;110;MARCHE;201;ASUR;S12                    ;;32;298;330
2021;110;MARCHE;201;ASUR;S13                    ;;59;381;440
2021;110;MARCHE;201;ASUR;S14                    ;;54;121;175
2021;120;LAZIO;109;VITERBO;A05                    ;;49;61;110
2021;120;LAZIO;109;VITERBO;S01                    ;;25;176;201
2021;120;LAZIO;109;VITERBO;S02                    ;;11;111;122
2021;120;LAZIO;109;VITERBO;S04                    ;;11;95;106
2021;120;LAZIO;109;VITERBO;S05                    ;;15;247;262
2021;120;LAZIO;110;RIETI;A03                    ;;2;31;33
2021;120;LAZIO;110;RIETI;B03                    ;;66;42;108
2021;120;LAZIO;110;RIETI;S03                    ;;12;191;203
2021;120;LAZIO;111;LATINA;S01                    ;;29;118;147
2021;120;LAZIO;111;LATINA;S02                    ;;12;142;154
2021;120;LAZIO;111;LATINA;S03                    ;;27;217;244
2021;120;LAZIO;111;LATINA;S04                    ;;9;126;135
2021;120;LAZIO;111;LATINA;S05                    ;;18;185;203
2021;120;LAZIO;112;FROSINONE;A02                    ;;28;44;72
2021;120;LAZIO;112;FROSINONE;A06                    ;;16;77;93
2021;120;LAZIO;112;FROSINONE;B06                    ;;218;114;332
2021;120;LAZIO;112;FROSINONE;S02                    ;;17;262;279
2021;120;LAZIO;112;FROSINONE;S06                    ;;43;212;255
2021;120;LAZIO;112;FROSINONE;S08                    ;;18;214;232
2021;120;LAZIO;201;ROMA 1;A01                    ;;30;68;98
2021;120;LAZIO;201;ROMA 1;S01                    ;;19;253;272
2021;120;LAZIO;201;ROMA 1;S03                    ;;11;189;200
2021;120;LAZIO;201;ROMA 1;S04                    ;;39;198;237
2021;120;LAZIO;201;ROMA 1;S05                    ;;116;524;640
2021;120;LAZIO;201;ROMA 1;S06                    ;;58;294;352
2021;120;LAZIO;201;ROMA 1;S08                    ;;7;9;16
2021;120;LAZIO;202;ROMA 2;S01                    ;;125;637;762
2021;120;LAZIO;202;ROMA 2;S03                    ;;70;412;482
2021;120;LAZIO;202;ROMA 2;S05                    ;;63;331;394
2021;120;LAZIO;202;ROMA 2;S06                    ;;37;216;253
2021;120;LAZIO;202;ROMA 2;S07                    ;;41;202;243
2021;120;LAZIO;202;ROMA 2;S08                    ;;72;447;519
2021;120;LAZIO;203;ROMA 3;A02                    ;;15;29;44
2021;120;LAZIO;203;ROMA 3;S02                    ;;34;323;357
2021;120;LAZIO;203;ROMA 3;S03                    ;;46;489;535
2021;120;LAZIO;204;ROMA 4;A02                    ;;52;70;122
2021;120;LAZIO;204;ROMA 4;B02                    ;;;5;5
2021;120;LAZIO;204;ROMA 4;S01                    ;;29;140;169
2021;120;LAZIO;204;ROMA 4;S02                    ;;18;189;207
2021;120;LAZIO;204;ROMA 4;S03                    ;;14;206;220
2021;120;LAZIO;205;ROMA 5;S01                    ;;39;171;210
2021;120;LAZIO;205;ROMA 5;S02                    ;;62;208;270
2021;120;LAZIO;205;ROMA 5;S03                    ;;5;20;25
2021;120;LAZIO;205;ROMA 5;S05                    ;;18;92;110
2021;120;LAZIO;206;ROMA 6;A02                    ;;13;154;167
2021;120;LAZIO;206;ROMA 6;A06                    ;;128;112;240
2021;120;LAZIO;206;ROMA 6;S02                    ;;8;165;173
2021;120;LAZIO;206;ROMA 6;S03                    ;;4;83;87
2021;120;LAZIO;206;ROMA 6;S04                    ;;75;410;485
2021;120;LAZIO;206;ROMA 6;S06                    ;;55;141;196
2021;130;ABRUZZO;201;AVEZZANO-SULMONA-L'AQUILA;S01                    ;;22;231;253
2021;130;ABRUZZO;201;AVEZZANO-SULMONA-L'AQUILA;S02                    ;;32;250;282
2021;130;ABRUZZO;201;AVEZZANO-SULMONA-L'AQUILA;S03                    ;;15;203;218
2021;130;ABRUZZO;202;LANCIANO-VASTO-CHIETI;S04                    ;;23;253;276
2021;130;ABRUZZO;202;LANCIANO-VASTO-CHIETI;S05                    ;;34;276;310
2021;130;ABRUZZO;202;LANCIANO-VASTO-CHIETI;S06                    ;;21;289;310
2021;130;ABRUZZO;203;PESCARA;S07                    ;;52;481;533
2021;130;ABRUZZO;203;PESCARA;S08                    ;;17;144;161
2021;130;ABRUZZO;204;TERAMO;S09                    ;;69;370;439
2021;130;ABRUZZO;204;TERAMO;S10                    ;;39;284;323
2021;130;ABRUZZO;204;TERAMO;S11                    ;;34;220;254
2021;140;MOLISE;201;ASREM;S01                    ;;26;231;257
2021;140;MOLISE;201;ASREM;S02                    ;;3;54;57
2021;140;MOLISE;201;ASREM;S03                    ;;19;281;300
2021;140;MOLISE;201;ASREM;S04                    ;;25;140;165
2021;140;MOLISE;201;ASREM;S05                    ;;1;13;14
2021;140;MOLISE;201;ASREM;S06                    ;;3;23;26
2021;150;CAMPANIA;201;A.S.L. AVELLINO;S01                    ;;14;195;209
2021;150;CAMPANIA;201;A.S.L. AVELLINO;S02                    ;;19;402;421
2021;150;CAMPANIA;202;A.S.L. BENEVENTO;S03                    ;;7;166;173
2021;150;CAMPANIA;202;A.S.L. BENEVENTO;S04                    ;;3;87;90
2021;150;CAMPANIA;202;A.S.L. BENEVENTO;S05                    ;;1;88;89
2021;150;CAMPANIA;203;A.S.L. CASERTA;S06                    ;;;164;164
2021;150;CAMPANIA;203;A.S.L. CASERTA;S07                    ;;;97;97
2021;150;CAMPANIA;203;A.S.L. CASERTA;S08                    ;;;185;185
2021;150;CAMPANIA;203;A.S.L. CASERTA;S09                    ;;;104;104
2021;150;CAMPANIA;203;A.S.L. CASERTA;S10                    ;;;106;106
2021;150;CAMPANIA;203;A.S.L. CASERTA;S11                    ;;;366;366
2021;150;CAMPANIA;203;A.S.L. CASERTA;S12                    ;;;270;270
2021;150;CAMPANIA;204;A.S.L. NAPOLI 1 CENTRO;S14                    ;;16;212;228
2021;150;CAMPANIA;204;A.S.L. NAPOLI 1 CENTRO;S15                    ;;3;291;294
2021;150;CAMPANIA;204;A.S.L. NAPOLI 1 CENTRO;S16                    ;;;139;139
2021;150;CAMPANIA;204;A.S.L. NAPOLI 1 CENTRO;S17                    ;;2;110;112
2021;150;CAMPANIA;204;A.S.L. NAPOLI 1 CENTRO;S18                    ;;24;239;263
2021;150;CAMPANIA;204;A.S.L. NAPOLI 1 CENTRO;S19                    ;;;156;156
2021;150;CAMPANIA;204;A.S.L. NAPOLI 1 CENTRO;S20                    ;;24;189;213
2021;150;CAMPANIA;204;A.S.L. NAPOLI 1 CENTRO;S21                    ;;10;225;235
2021;150;CAMPANIA;204;A.S.L. NAPOLI 1 CENTRO;S22                    ;;16;321;337
2021;150;CAMPANIA;204;A.S.L. NAPOLI 1 CENTRO;S23                    ;;;133;133
2021;150;CAMPANIA;205;A.S.L. NAPOLI 2 NORD;S25                    ;;26;222;248
2021;150;CAMPANIA;205;A.S.L. NAPOLI 2 NORD;S26                    ;;2;89;91
2021;150;CAMPANIA;205;A.S.L. NAPOLI 2 NORD;S27                    ;;22;294;316
2021;150;CAMPANIA;205;A.S.L. NAPOLI 2 NORD;S29                    ;;26;394;420
2021;150;CAMPANIA;205;A.S.L. NAPOLI 2 NORD;S30                    ;;11;152;163
2021;150;CAMPANIA;205;A.S.L. NAPOLI 2 NORD;S31                    ;;32;172;204
2021;150;CAMPANIA;206;A.S.L. NAPOLI 3 SUD;S32                    ;;14;294;308
2021;150;CAMPANIA;206;A.S.L. NAPOLI 3 SUD;S33                    ;;18;171;189
2021;150;CAMPANIA;206;A.S.L. NAPOLI 3 SUD;S34                    ;;21;218;239
2021;150;CAMPANIA;206;A.S.L. NAPOLI 3 SUD;S36                    ;;10;37;47
2021;150;CAMPANIA;206;A.S.L. NAPOLI 3 SUD;S38                    ;;10;140;150
2021;150;CAMPANIA;206;A.S.L. NAPOLI 3 SUD;S39                    ;;30;344;374
2021;150;CAMPANIA;207;A.S.L. SALERNO;S40                    ;;25;268;293
2021;150;CAMPANIA;207;A.S.L. SALERNO;S41                    ;;17;391;408
2021;150;CAMPANIA;207;A.S.L. SALERNO;S42                    ;;35;396;431
2021;150;CAMPANIA;207;A.S.L. SALERNO;S43                    ;;7;497;504
2021;150;CAMPANIA;207;A.S.L. SALERNO;S45                    ;;4;118;122
2021;150;CAMPANIA;207;A.S.L. SALERNO;S46                    ;;;25;25
2021;150;CAMPANIA;207;A.S.L. SALERNO;S47                    ;;4;157;161
2021;150;CAMPANIA;207;A.S.L. SALERNO;S48                    ;;;74;74
2021;160;PUGLIA;106;ASL BR;S20                    ;;25;179;204
2021;160;PUGLIA;106;ASL BR;S21                    ;;6;64;70
2021;160;PUGLIA;106;ASL BR;S22                    ;;10;154;164
2021;160;PUGLIA;106;ASL BR;S23                    ;;18;84;102
2021;160;PUGLIA;106;ASL BR;S24                    ;;;73;73
2021;160;PUGLIA;106;ASL BR;S25                    ;;;82;82
2021;160;PUGLIA;112;ASL TA;S50                    ;;9;24;33
2021;160;PUGLIA;112;ASL TA;S51                    ;;19;157;176
2021;160;PUGLIA;112;ASL TA;S52                    ;;5;174;179
2021;160;PUGLIA;112;ASL TA;S53                    ;;28;137;165
2021;160;PUGLIA;112;ASL TA;S54                    ;;16;133;149
2021;160;PUGLIA;112;ASL TA;S55                    ;;28;648;676
2021;160;PUGLIA;112;ASL TA;S56                    ;;26;190;216
2021;160;PUGLIA;113;ASL BT;S15                    ;;27;142;169
2021;160;PUGLIA;113;ASL BT;S16                    ;;9;47;56
2021;160;PUGLIA;113;ASL BT;S17                    ;;117;276;393
2021;160;PUGLIA;113;ASL BT;S18                    ;;23;142;165
2021;160;PUGLIA;113;ASL BT;S19                    ;;7;50;57
2021;160;PUGLIA;114;ASL BA;S01                    ;;7;81;88
2021;160;PUGLIA;114;ASL BA;S02                    ;;10;186;196
2021;160;PUGLIA;114;ASL BA;S03                    ;;4;116;120
2021;160;PUGLIA;114;ASL BA;S04                    ;;7;142;149
2021;160;PUGLIA;114;ASL BA;S05                    ;;36;287;323
2021;160;PUGLIA;114;ASL BA;S06                    ;;2;87;89
2021;160;PUGLIA;114;ASL BA;S08                    ;;4;354;358
2021;160;PUGLIA;114;ASL BA;S09                    ;;2;123;125
2021;160;PUGLIA;114;ASL BA;S10                    ;;10;133;143
2021;160;PUGLIA;114;ASL BA;S11                    ;;3;56;59
2021;160;PUGLIA;114;ASL BA;S12                    ;;;2;2
2021;160;PUGLIA;114;ASL BA;S13                    ;;11;95;106
2021;160;PUGLIA;114;ASL BA;S14                    ;;10;214;224
2021;160;PUGLIA;114;ASL BA;S58                    ;;22;69;91
2021;160;PUGLIA;115;ASL FG;S26                    ;;8;41;49
2021;160;PUGLIA;115;ASL FG;S27                    ;;26;156;182
2021;160;PUGLIA;115;ASL FG;S28                    ;;7;45;52
2021;160;PUGLIA;115;ASL FG;S29                    ;;5;40;45
2021;160;PUGLIA;115;ASL FG;S30                    ;;1;61;62
2021;160;PUGLIA;115;ASL FG;S31                    ;;12;90;102
2021;160;PUGLIA;115;ASL FG;S32                    ;;10;41;51
2021;160;PUGLIA;115;ASL FG;S33                    ;;41;167;208
2021;160;PUGLIA;115;ASL FG;S34                    ;;10;168;178
2021;160;PUGLIA;115;ASL FG;S35                    ;;92;522;614
2021;160;PUGLIA;115;ASL FG;S36                    ;;20;106;126
2021;160;PUGLIA;116;ASL LE;S37                    ;;17;288;305
2021;160;PUGLIA;116;ASL LE;S38                    ;;4;79;83
2021;160;PUGLIA;116;ASL LE;S39                    ;;12;196;208
2021;160;PUGLIA;116;ASL LE;S40                    ;;6;75;81
2021;160;PUGLIA;116;ASL LE;S41                    ;;7;82;89
2021;160;PUGLIA;116;ASL LE;S42                    ;;2;21;23
2021;160;PUGLIA;116;ASL LE;S43                    ;;21;158;179
2021;160;PUGLIA;116;ASL LE;S44                    ;;11;196;207
2021;160;PUGLIA;116;ASL LE;S45                    ;;17;183;200
2021;160;PUGLIA;116;ASL LE;S46                    ;;11;85;96
2021;160;PUGLIA;116;ASL LE;S47                    ;;13;49;62
2021;160;PUGLIA;116;ASL LE;S48                    ;;6;145;151
2021;160;PUGLIA;116;ASL LE;S49                    ;;7;150;157
2021;170;BASILICATA;201;AZIENDA SANITARIA LOCALE DI POTENZA ASP;S01                    ;;5;88;93
2021;170;BASILICATA;201;AZIENDA SANITARIA LOCALE DI POTENZA ASP;S02                    ;;29;186;215
2021;170;BASILICATA;201;AZIENDA SANITARIA LOCALE DI POTENZA ASP;S03                    ;;;125;125
2021;170;BASILICATA;201;AZIENDA SANITARIA LOCALE DI POTENZA ASP;S04                    ;;8;82;90
2021;170;BASILICATA;202;AZIENDA SANITARIA LOCALE DI MATERA  ASM;S01                    ;;11;337;348
2021;170;BASILICATA;202;AZIENDA SANITARIA LOCALE DI MATERA  ASM;S02                    ;;9;246;255
2021;180;CALABRIA;201;A.S.P. COSENZA;S11                    ;;45;451;496
2021;180;CALABRIA;201;A.S.P. COSENZA;S13                    ;;38;167;205
2021;180;CALABRIA;201;A.S.P. COSENZA;S14                    ;;16;111;127
2021;180;CALABRIA;201;A.S.P. COSENZA;S15                    ;;14;38;52
2021;180;CALABRIA;201;A.S.P. COSENZA;S16                    ;;15;139;154
2021;180;CALABRIA;201;A.S.P. COSENZA;S17                    ;;9;72;81
2021;180;CALABRIA;201;A.S.P. COSENZA;S18                    ;;17;129;146
2021;180;CALABRIA;202;A.S.P. CROTONE;S21                    ;;61;357;418
2021;180;CALABRIA;204;A.S.P. VIBO VALENTIA;S42                    ;;4;42;46
2021;180;CALABRIA;205;A.S.P. REGGIO CALABRIA;S52                    ;;29;90;119
2021;180;CALABRIA;205;A.S.P. REGGIO CALABRIA;S53                    ;;42;198;240
2021;180;CALABRIA;205;A.S.P. REGGIO CALABRIA;S54                    ;;20;44;64
2021;190;SICILIA;201;ASP AGRIGENTO;S01                    ;;;3;3
2021;190;SICILIA;201;ASP AGRIGENTO;S02                    ;;;1;1
2021;190;SICILIA;201;ASP AGRIGENTO;S03                    ;;;23;23
2021;190;SICILIA;201;ASP AGRIGENTO;S04                    ;;;4;4
2021;190;SICILIA;201;ASP AGRIGENTO;S05                    ;;;5;5
2021;190;SICILIA;202;ASP CALTANISSETTA;S01                    ;;;53;53
2021;190;SICILIA;202;ASP CALTANISSETTA;S02                    ;;4;83;87
2021;190;SICILIA;202;ASP CALTANISSETTA;S03                    ;;;12;12
2021;190;SICILIA;202;ASP CALTANISSETTA;S04                    ;;;38;38
2021;190;SICILIA;203;ASP CATANIA;S01                    ;;52;136;188
2021;190;SICILIA;203;ASP CATANIA;S02                    ;;28;133;161
2021;190;SICILIA;203;ASP CATANIA;S03                    ;;4;30;34
2021;190;SICILIA;203;ASP CATANIA;S04                    ;;78;206;284
2021;190;SICILIA;203;ASP CATANIA;S05                    ;;46;397;443
2021;190;SICILIA;203;ASP CATANIA;S06                    ;;49;345;394
2021;190;SICILIA;203;ASP CATANIA;S07                    ;;42;248;290
2021;190;SICILIA;203;ASP CATANIA;S08                    ;;1;55;56
2021;190;SICILIA;203;ASP CATANIA;S09                    ;;21;144;165
2021;190;SICILIA;203;ASP CATANIA;S10                    ;;1;10;11
2021;190;SICILIA;204;ASP ENNA;S01                    ;;9;79;88
2021;190;SICILIA;204;ASP ENNA;S02                    ;;10;101;111
2021;190;SICILIA;204;ASP ENNA;S03                    ;;13;69;82
2021;190;SICILIA;205;ASP MESSINA;S01                    ;;3;5;8
2021;190;SICILIA;205;ASP MESSINA;S02                    ;;33;55;88
2021;190;SICILIA;205;ASP MESSINA;S03                    ;;16;78;94
2021;190;SICILIA;205;ASP MESSINA;S04                    ;;13;11;24
2021;190;SICILIA;205;ASP MESSINA;S05                    ;;17;8;25
2021;190;SICILIA;205;ASP MESSINA;S06                    ;;6;4;10
2021;190;SICILIA;205;ASP MESSINA;S07                    ;;4;15;19
2021;190;SICILIA;206;ASP PALERMO;S01                    ;;3;90;93
2021;190;SICILIA;206;ASP PALERMO;S02                    ;;11;81;92
2021;190;SICILIA;206;ASP PALERMO;S04                    ;;2;17;19
2021;190;SICILIA;206;ASP PALERMO;S05                    ;;4;62;66
2021;190;SICILIA;206;ASP PALERMO;S06                    ;;25;201;226
2021;190;SICILIA;206;ASP PALERMO;S07                    ;;35;634;669
2021;190;SICILIA;206;ASP PALERMO;S08                    ;;15;349;364
2021;190;SICILIA;206;ASP PALERMO;S12                    ;;20;111;131
2021;190;SICILIA;207;ASP RAGUSA;S01                    ;;19;237;256
2021;190;SICILIA;207;ASP RAGUSA;S02                    ;;20;152;172
2021;190;SICILIA;207;ASP RAGUSA;S03                    ;;5;69;74
2021;190;SICILIA;208;ASP SIRACUSA;S01                    ;;10;92;102
2021;190;SICILIA;208;ASP SIRACUSA;S02                    ;;;56;56
2021;190;SICILIA;208;ASP SIRACUSA;S03                    ;;4;203;207
2021;190;SICILIA;208;ASP SIRACUSA;S04                    ;;48;165;213
2021;190;SICILIA;209;ASP DI TRAPANI;S01                    ;;17;39;56
2021;190;SICILIA;209;ASP DI TRAPANI;S02                    ;;9;103;112
2021;190;SICILIA;209;ASP DI TRAPANI;S03                    ;;15;107;122
2021;190;SICILIA;209;ASP DI TRAPANI;S04                    ;;21;140;161
2021;190;SICILIA;209;ASP DI TRAPANI;S05                    ;;42;113;155
2021;200;SARDEGNA;201;AZIENDA PER LA TUTELA DELLA SALUTE;S01                    ;;1;170;171
2021;200;SARDEGNA;201;AZIENDA PER LA TUTELA DELLA SALUTE;S02                    ;;;14;14
2021;200;SARDEGNA;201;AZIENDA PER LA TUTELA DELLA SALUTE;S03                    ;;6;385;391
2021;200;SARDEGNA;201;AZIENDA PER LA TUTELA DELLA SALUTE;S05                    ;;7;493;500
2021;200;SARDEGNA;201;AZIENDA PER LA TUTELA DELLA SALUTE;S06                    ;;5;164;169
2021;200;SARDEGNA;201;AZIENDA PER LA TUTELA DELLA SALUTE;S07                    ;;;70;70
2021;200;SARDEGNA;201;AZIENDA PER LA TUTELA DELLA SALUTE;S08                    ;;;14;14
2021;200;SARDEGNA;201;AZIENDA PER LA TUTELA DELLA SALUTE;S09                    ;;;56;56
2021;200;SARDEGNA;201;AZIENDA PER LA TUTELA DELLA SALUTE;S10                    ;;1;29;30
2021;200;SARDEGNA;201;AZIENDA PER LA TUTELA DELLA SALUTE;S12                    ;;;52;52
2021;200;SARDEGNA;201;AZIENDA PER LA TUTELA DELLA SALUTE;S13                    ;;;3;3
2021;200;SARDEGNA;201;AZIENDA PER LA TUTELA DELLA SALUTE;S14                    ;;1;156;157
2021;200;SARDEGNA;201;AZIENDA PER LA TUTELA DELLA SALUTE;S15                    ;;4;274;278
2021;200;SARDEGNA;201;AZIENDA PER LA TUTELA DELLA SALUTE;S16                    ;;1;193;194
2021;200;SARDEGNA;201;AZIENDA PER LA TUTELA DELLA SALUTE;S17                    ;;2;106;108
2021;200;SARDEGNA;201;AZIENDA PER LA TUTELA DELLA SALUTE;S19                    ;;11;372;383
2021;200;SARDEGNA;201;AZIENDA PER LA TUTELA DELLA SALUTE;S20                    ;;33;481;514
2021;200;SARDEGNA;201;AZIENDA PER LA TUTELA DELLA SALUTE;S21                    ;;11;323;334
