population_group_id,population_group_name,measure_id,measure_name,location_id,location_name,sex_id,sex_name,age_id,age_name,rei_id,rei_name,metric_id,metric_name,year,val,upper,lower
1,Intera Popolazione,29,Valore Complessivo di Esposizione,1,Globale,3,Entrambi,7,10-14 anni,103,Uso di droghe,3,Tasso,1990,0.000887098259383603,0.0036596426230258087,0.0
1,Intera Popolazione,29,Valore Complessivo di Esposizione,1,Globale,3,Entrambi,8,15-19 anni,103,Uso di droghe,3,Tasso,1990,0.24543905450287,0.42578548097236,0.11891826235127
1,Intera Popolazione,29,Valore Complessivo di Esposizione,1,Globale,3,Entrambi,9,20-24 anni,103,Uso di droghe,3,Tasso,1990,1.05392272170601,1.65856595634832,0.6286480746056
1,Intera Popolazione,29,Valore Complessivo di Esposizione,1,Globale,3,Entrambi,10,25-29 anni,103,Uso di droghe,3,Tasso,1990,1.24365537784332,1.62325488662848,0.92740447206661
1,Intera Popolazione,29,Valore Complessivo di Esposizione,1,Globale,3,Entrambi,11,30-34 anni,103,Uso di droghe,3,Tasso,1990,0.95540318342687,1.48622906315239,0.70291522702802
1,Intera Popolazione,29,Valore Complessivo di Esposizione,1,Globale,3,Entrambi,12,35-39 anni,103,Uso di droghe,3,Tasso,1990,0.73198714277497,1.15942126471631,0.46872110855028004
1,Intera Popolazione,29,Valore Complessivo di Esposizione,1,Globale,3,Entrambi,13,40-44 anni,103,Uso di droghe,3,Tasso,1990,0.57678208230845,1.01174827760968,0.32918751237323
1,Intera Popolazione,29,Valore Complessivo di Esposizione,1,Globale,3,Entrambi,14,45-49 anni,103,Uso di droghe,3,Tasso,1990,0.48525615322987997,0.87426447206092,0.2509838019063
1,Intera Popolazione,29,Valore Complessivo di Esposizione,1,Globale,3,Entrambi,15,50-54 anni,103,Uso di droghe,3,Tasso,1990,0.46206309444639,0.8657102602411801,0.21062749791824
1,Intera Popolazione,29,Valore Complessivo di Esposizione,1,Globale,3,Entrambi,16,55-59 anni,103,Uso di droghe,3,Tasso,1990,0.38538237989556,0.78059856763311,0.17363028388871002
1,Intera Popolazione,29,Valore Complessivo di Esposizione,1,Globale,3,Entrambi,17,60-64 anni,103,Uso di droghe,3,Tasso,1990,0.31824713725843,0.61777230624034,0.1435424106185
1,Intera Popolazione,29,Valore Complessivo di Esposizione,1,Globale,3,Entrambi,18,65-69 anni,103,Uso di droghe,3,Tasso,1990,0.26581614130748,0.49502464752733,0.12280046725534
1,Intera Popolazione,29,Valore Complessivo di Esposizione,1,Globale,3,Entrambi,24,15-49 anni,103,Uso di droghe,3,Tasso,1990,0.7749274119677501,0.9869990537027701,0.6325684199603699
1,Intera Popolazione,29,Valore Complessivo di Esposizione,1,Globale,3,Entrambi,26,≥70 anni,103,Uso di droghe,3,Tasso,1990,0.22850262374021,0.40461997387167997,0.09860115588011
1,Intera Popolazione,29,Valore Complessivo di Esposizione,1,Globale,3,Entrambi,7,10-14 anni,103,Uso di droghe,3,Tasso,1991,0.0008850301411976424,0.0036134695674091316,0.0
1,Intera Popolazione,29,Valore Complessivo di Esposizione,1,Globale,3,Entrambi,8,15-19 anni,103,Uso di droghe,3,Tasso,1991,0.24746925180139,0.42081506885668996,0.12537326511368002
1,Intera Popolazione,29,Valore Complessivo di Esposizione,1,Globale,3,Entrambi,9,20-24 anni,103,Uso di droghe,3,Tasso,1991,1.06872720152221,1.6624373544590398,0.64374154562424
1,Intera Popolazione,29,Valore Complessivo di Esposizione,1,Globale,3,Entrambi,10,25-29 anni,103,Uso di droghe,3,Tasso,1991,1.26626911564628,1.64721693618903,0.9425502763757201
1,Intera Popolazione,29,Valore Complessivo di Esposizione,1,Globale,3,Entrambi,11,30-34 anni,103,Uso di droghe,3,Tasso,1991,0.96923833009504,1.51704096441259,0.7107913310895899
1,Intera Popolazione,29,Valore Complessivo di Esposizione,1,Globale,3,Entrambi,12,35-39 anni,103,Uso di droghe,3,Tasso,1991,0.74712026013085,1.1820699764184401,0.4768904278807
1,Intera Popolazione,29,Valore Complessivo di Esposizione,1,Globale,3,Entrambi,13,40-44 anni,103,Uso di droghe,3,Tasso,1991,0.59055549115568,1.03959900976903,0.333541116464
1,Intera Popolazione,29,Valore Complessivo di Esposizione,1,Globale,3,Entrambi,14,45-49 anni,103,Uso di droghe,3,Tasso,1991,0.48911187086693997,0.88155249484363,0.2525946783864
1,Intera Popolazione,29,Valore Complessivo di Esposizione,1,Globale,3,Entrambi,15,50-54 anni,103,Uso di droghe,3,Tasso,1991,0.46575846184896,0.8723394632978699,0.21231526448174
1,Intera Popolazione,29,Valore Complessivo di Esposizione,1,Globale,3,Entrambi,16,55-59 anni,103,Uso di droghe,3,Tasso,1991,0.38554046677646,0.78194450287592,0.1738891974172
1,Intera Popolazione,29,Valore Complessivo di Esposizione,1,Globale,3,Entrambi,17,60-64 anni,103,Uso di droghe,3,Tasso,1991,0.31850493221086,0.61721887563801,0.14380956965878
1,Intera Popolazione,29,Valore Complessivo di Esposizione,1,Globale,3,Entrambi,18,65-69 anni,103,Uso di droghe,3,Tasso,1991,0.26688963140308003,0.49529297945883,0.12308251437562999
1,Intera Popolazione,29,Valore Complessivo di Esposizione,1,Globale,3,Entrambi,24,15-49 anni,103,Uso di droghe,3,Tasso,1991,0.7893055818480901,1.00919235155561,0.64602445687238
1,Intera Popolazione,29,Valore Complessivo di Esposizione,1,Globale,3,Entrambi,26,≥70 anni,103,Uso di droghe,3,Tasso,1991,0.23043940842966998,0.40769617701953004,0.09938423478351
1,Intera Popolazione,29,Valore Complessivo di Esposizione,1,Globale,3,Entrambi,7,10-14 anni,103,Uso di droghe,3,Tasso,1992,0.0008805831081654045,0.0035860308625840303,0.0
1,Intera Popolazione,29,Valore Complessivo di Esposizione,1,Globale,3,Entrambi,8,15-19 anni,103,Uso di droghe,3,Tasso,1992,0.2493889511617,0.41638175571432995,0.13149562944461
1,Intera Popolazione,29,Valore Complessivo di Esposizione,1,Globale,3,Entrambi,9,20-24 anni,103,Uso di droghe,3,Tasso,1992,1.08205482521622,1.66567868417269,0.66679014222431
1,Intera Popolazione,29,Valore Complessivo di Esposizione,1,Globale,3,Entrambi,10,25-29 anni,103,Uso di droghe,3,Tasso,1992,1.28408351845083,1.66821949615676,0.95537362363128
1,Intera Popolazione,29,Valore Complessivo di Esposizione,1,Globale,3,Entrambi,11,30-34 anni,103,Uso di droghe,3,Tasso,1992,0.9841108431835799,1.54843055476805,0.7208403156751599
1,Intera Popolazione,29,Valore Complessivo di Esposizione,1,Globale,3,Entrambi,12,35-39 anni,103,Uso di droghe,3,Tasso,1992,0.76006992989259,1.20287371267523,0.48267582892139
1,Intera Popolazione,29,Valore Complessivo di Esposizione,1,Globale,3,Entrambi,13,40-44 anni,103,Uso di droghe,3,Tasso,1992,0.60056481815004,1.05884541710161,0.33585528144805
1,Intera Popolazione,29,Valore Complessivo di Esposizione,1,Globale,3,Entrambi,14,45-49 anni,103,Uso di droghe,3,Tasso,1992,0.49738167566066,0.89792528769168,0.25721863858613003
1,Intera Popolazione,29,Valore Complessivo di Esposizione,1,Globale,3,Entrambi,15,50-54 anni,103,Uso di droghe,3,Tasso,1992,0.46653003132129994,0.8733691755668601,0.21373995053415
1,Intera Popolazione,29,Valore Complessivo di Esposizione,1,Globale,3,Entrambi,16,55-59 anni,103,Uso di droghe,3,Tasso,1992,0.38831170502775003,0.78809461120978,0.17480080470099
1,Intera Popolazione,29,Valore Complessivo di Esposizione,1,Globale,3,Entrambi,17,60-64 anni,103,Uso di droghe,3,Tasso,1992,0.31710084200067,0.61289653643729,0.14383703129387
1,Intera Popolazione,29,Valore Complessivo di Esposizione,1,Globale,3,Entrambi,18,65-69 anni,103,Uso di droghe,3,Tasso,1992,0.26833027516707,0.49653606013555,0.12335556484047
1,Intera Popolazione,29,Valore Complessivo di Esposizione,1,Globale,3,Entrambi,24,15-49 anni,103,Uso di droghe,3,Tasso,1992,0.80197424169887,1.02963753407631,0.65662091835287
1,Intera Popolazione,29,Valore Complessivo di Esposizione,1,Globale,3,Entrambi,26,≥70 anni,103,Uso di droghe,3,Tasso,1992,0.23182059416269,0.40985399485277996,0.10006188548239
1,Intera Popolazione,29,Valore Complessivo di Esposizione,1,Globale,3,Entrambi,7,10-14 anni,103,Uso di droghe,3,Tasso,1993,0.0008738570580424126,0.003548784401801998,0.0
1,Intera Popolazione,29,Valore Complessivo di Esposizione,1,Globale,3,Entrambi,8,15-19 anni,103,Uso di droghe,3,Tasso,1993,0.2511077623204,0.41210749270036,0.13773643552447
1,Intera Popolazione,29,Valore Complessivo di Esposizione,1,Globale,3,Entrambi,9,20-24 anni,103,Uso di droghe,3,Tasso,1993,1.09379193604729,1.66146383259569,0.68928876487573
1,Intera Popolazione,29,Valore Complessivo di Esposizione,1,Globale,3,Entrambi,10,25-29 anni,103,Uso di droghe,3,Tasso,1993,1.29544902615257,1.67625155792582,0.96375961310354
1,Intera Popolazione,29,Valore Complessivo di Esposizione,1,Globale,3,Entrambi,11,30-34 anni,103,Uso di droghe,3,Tasso,1993,0.99929619961326,1.5772939161901498,0.73275790812964
1,Intera Popolazione,29,Valore Complessivo di Esposizione,1,Globale,3,Entrambi,12,35-39 anni,103,Uso di droghe,3,Tasso,1993,0.76974345050842,1.21890752974791,0.48611660323885997
1,Intera Popolazione,29,Valore Complessivo di Esposizione,1,Globale,3,Entrambi,13,40-44 anni,103,Uso di droghe,3,Tasso,1993,0.61065384277308,1.07951009298108,0.33843719793066
1,Intera Popolazione,29,Valore Complessivo di Esposizione,1,Globale,3,Entrambi,14,45-49 anni,103,Uso di droghe,3,Tasso,1993,0.5063945213586201,0.9186350840978,0.26124576366235
1,Intera Popolazione,29,Valore Complessivo di Esposizione,1,Globale,3,Entrambi,15,50-54 anni,103,Uso di droghe,3,Tasso,1993,0.46237631284244,0.8626866503257301,0.21471780581231997
1,Intera Popolazione,29,Valore Complessivo di Esposizione,1,Globale,3,Entrambi,16,55-59 anni,103,Uso di droghe,3,Tasso,1993,0.39192087124686004,0.79626500379547,0.17577243269719
1,Intera Popolazione,29,Valore Complessivo di Esposizione,1,Globale,3,Entrambi,17,60-64 anni,103,Uso di droghe,3,Tasso,1993,0.3150380426674,0.60807518460024,0.1434078493394
1,Intera Popolazione,29,Valore Complessivo di Esposizione,1,Globale,3,Entrambi,18,65-69 anni,103,Uso di droghe,3,Tasso,1993,0.26929467768613,0.4967864859776,0.12346883411399
1,Intera Popolazione,29,Valore Complessivo di Esposizione,1,Globale,3,Entrambi,24,15-49 anni,103,Uso di droghe,3,Tasso,1993,0.81223648948687,1.04788968521805,0.66251443559315
1,Intera Popolazione,29,Valore Complessivo di Esposizione,1,Globale,3,Entrambi,26,≥70 anni,103,Uso di droghe,3,Tasso,1993,0.23281345588569,0.41117231663746,0.10058269828411
1,Intera Popolazione,29,Valore Complessivo di Esposizione,1,Globale,3,Entrambi,7,10-14 anni,103,Uso di droghe,3,Tasso,1995,0.0008541813036049721,0.003459778310395698,0.0
1,Intera Popolazione,29,Valore Complessivo di Esposizione,1,Globale,3,Entrambi,8,15-19 anni,103,Uso di droghe,3,Tasso,1995,0.25418925999873,0.40224650840222,0.14883951158198
1,Intera Popolazione,29,Valore Complessivo di Esposizione,1,Globale,3,Entrambi,9,20-24 anni,103,Uso di droghe,3,Tasso,1995,1.10538369546949,1.6300888892519598,0.73289780614993
1,Intera Popolazione,29,Valore Complessivo di Esposizione,1,Globale,3,Entrambi,10,25-29 anni,103,Uso di droghe,3,Tasso,1995,1.30612920690546,1.67804053142918,0.9805501637093501
1,Intera Popolazione,29,Valore Complessivo di Esposizione,1,Globale,3,Entrambi,11,30-34 anni,103,Uso di droghe,3,Tasso,1995,1.0213409479256201,1.61353143614095,0.75354817521039
1,Intera Popolazione,29,Valore Complessivo di Esposizione,1,Globale,3,Entrambi,12,35-39 anni,103,Uso di droghe,3,Tasso,1995,0.78117318917356,1.2448605803400001,0.48405488611132996
1,Intera Popolazione,29,Valore Complessivo di Esposizione,1,Globale,3,Entrambi,13,40-44 anni,103,Uso di droghe,3,Tasso,1995,0.62333247272588,1.10906550897486,0.34134092671188
1,Intera Popolazione,29,Valore Complessivo di Esposizione,1,Globale,3,Entrambi,14,45-49 anni,103,Uso di droghe,3,Tasso,1995,0.5281794041017099,0.96972948689838,0.26969813290251
1,Intera Popolazione,29,Valore Complessivo di Esposizione,1,Globale,3,Entrambi,15,50-54 anni,103,Uso di droghe,3,Tasso,1995,0.44943004935282,0.83128578500101,0.2162548804824
1,Intera Popolazione,29,Valore Complessivo di Esposizione,1,Globale,3,Entrambi,16,55-59 anni,103,Uso di droghe,3,Tasso,1995,0.39821084258862005,0.80828973218537,0.17805404674491
1,Intera Popolazione,29,Valore Complessivo di Esposizione,1,Globale,3,Entrambi,17,60-64 anni,103,Uso di droghe,3,Tasso,1995,0.30899818024597003,0.59430993045321,0.14245821282914
1,Intera Popolazione,29,Valore Complessivo di Esposizione,1,Globale,3,Entrambi,18,65-69 anni,103,Uso di droghe,3,Tasso,1995,0.26909647749639,0.4955083666769,0.12318744036955999
1,Intera Popolazione,29,Valore Complessivo di Esposizione,1,Globale,3,Entrambi,24,15-49 anni,103,Uso di droghe,3,Tasso,1995,0.8231631966017801,1.07173824567969,0.67242086903194
1,Intera Popolazione,29,Valore Complessivo di Esposizione,1,Globale,3,Entrambi,26,≥70 anni,103,Uso di droghe,3,Tasso,1995,0.23355556256447998,0.41232887624007,0.10103326445904
1,Intera Popolazione,29,Valore Complessivo di Esposizione,1,Globale,3,Entrambi,7,10-14 anni,103,Uso di droghe,3,Tasso,1994,0.0008645284199887684,0.0035083262442305797,0.0
1,Intera Popolazione,29,Valore Complessivo di Esposizione,1,Globale,3,Entrambi,8,15-19 anni,103,Uso di droghe,3,Tasso,1994,0.2527305555498,0.40655584231058,0.14333167362048
1,Intera Popolazione,29,Valore Complessivo di Esposizione,1,Globale,3,Entrambi,9,20-24 anni,103,Uso di droghe,3,Tasso,1994,1.10209667992482,1.65124403381054,0.71309287970528
1,Intera Popolazione,29,Valore Complessivo di Esposizione,1,Globale,3,Entrambi,10,25-29 anni,103,Uso di droghe,3,Tasso,1994,1.30204831491296,1.6791850518136802,0.9735325032742499
1,Intera Popolazione,29,Valore Complessivo di Esposizione,1,Globale,3,Entrambi,11,30-34 anni,103,Uso di droghe,3,Tasso,1994,1.01282192747405,1.6008325663602299,0.7444932889965
1,Intera Popolazione,29,Valore Complessivo di Esposizione,1,Globale,3,Entrambi,12,35-39 anni,103,Uso di droghe,3,Tasso,1994,0.7762191272284,1.23325144425383,0.48540938827939994
1,Intera Popolazione,29,Valore Complessivo di Esposizione,1,Globale,3,Entrambi,13,40-44 anni,103,Uso di droghe,3,Tasso,1994,0.61811765683347,1.09611532590535,0.34034634159038
1,Intera Popolazione,29,Valore Complessivo di Esposizione,1,Globale,3,Entrambi,14,45-49 anni,103,Uso di droghe,3,Tasso,1994,0.51818269256043,0.94469824121013,0.26552935508911
1,Intera Popolazione,29,Valore Complessivo di Esposizione,1,Globale,3,Entrambi,15,50-54 anni,103,Uso di droghe,3,Tasso,1994,0.45544197296323,0.84444434200805,0.21554739241112
1,Intera Popolazione,29,Valore Complessivo di Esposizione,1,Globale,3,Entrambi,16,55-59 anni,103,Uso di droghe,3,Tasso,1994,0.39603305951018003,0.8045432370665699,0.17724684185536
1,Intera Popolazione,29,Valore Complessivo di Esposizione,1,Globale,3,Entrambi,17,60-64 anni,103,Uso di droghe,3,Tasso,1994,0.31169877958507,0.60001661809952,0.14290398004628
1,Intera Popolazione,29,Valore Complessivo di Esposizione,1,Globale,3,Entrambi,18,65-69 anni,103,Uso di droghe,3,Tasso,1994,0.26968842384527,0.49684922530921,0.12339403984774
1,Intera Popolazione,29,Valore Complessivo di Esposizione,1,Globale,3,Entrambi,24,15-49 anni,103,Uso di droghe,3,Tasso,1994,0.81941821604296,1.0638744640409399,0.66967612096395
1,Intera Popolazione,29,Valore Complessivo di Esposizione,1,Globale,3,Entrambi,26,≥70 anni,103,Uso di droghe,3,Tasso,1994,0.23334945837872,0.4119815614676,0.10091503935136001
1,Intera Popolazione,29,Valore Complessivo di Esposizione,1,Globale,3,Entrambi,7,10-14 anni,103,Uso di droghe,3,Tasso,1998,0.0008569540678131163,0.0034838444125807203,0.0
1,Intera Popolazione,29,Valore Complessivo di Esposizione,1,Globale,3,Entrambi,8,15-19 anni,103,Uso di droghe,3,Tasso,1998,0.26315148078128,0.39789226715057,0.16437370241388
1,Intera Popolazione,29,Valore Complessivo di Esposizione,1,Globale,3,Entrambi,9,20-24 anni,103,Uso di droghe,3,Tasso,1998,1.12048355221425,1.5802613386038298,0.8151337608278599
1,Intera Popolazione,29,Valore Complessivo di Esposizione,1,Globale,3,Entrambi,10,25-29 anni,103,Uso di droghe,3,Tasso,1998,1.33198177239088,1.74604537536471,1.04478885716168
1,Intera Popolazione,29,Valore Complessivo di Esposizione,1,Globale,3,Entrambi,11,30-34 anni,103,Uso di droghe,3,Tasso,1998,1.03842695405052,1.6393932429469502,0.7549763971400101
1,Intera Popolazione,29,Valore Complessivo di Esposizione,1,Globale,3,Entrambi,12,35-39 anni,103,Uso di droghe,3,Tasso,1998,0.80653974757862,1.303031980686,0.48763864739937
1,Intera Popolazione,29,Valore Complessivo di Esposizione,1,Globale,3,Entrambi,13,40-44 anni,103,Uso di droghe,3,Tasso,1998,0.6417308449939899,1.1394405651553399,0.34667903107660997
1,Intera Popolazione,29,Valore Complessivo di Esposizione,1,Globale,3,Entrambi,14,45-49 anni,103,Uso di droghe,3,Tasso,1998,0.54322387598335,0.9994157496029501,0.27256240547021
1,Intera Popolazione,29,Valore Complessivo di Esposizione,1,Globale,3,Entrambi,15,50-54 anni,103,Uso di droghe,3,Tasso,1998,0.46068655872042996,0.84330917933589,0.22575278670267002
1,Intera Popolazione,29,Valore Complessivo di Esposizione,1,Globale,3,Entrambi,16,55-59 anni,103,Uso di droghe,3,Tasso,1998,0.3915892152,0.78574401711621,0.18112573289518
1,Intera Popolazione,29,Valore Complessivo di Esposizione,1,Globale,3,Entrambi,17,60-64 anni,103,Uso di droghe,3,Tasso,1998,0.31173905497215,0.59754266980605,0.1434055725345
1,Intera Popolazione,29,Valore Complessivo di Esposizione,1,Globale,3,Entrambi,18,65-69 anni,103,Uso di droghe,3,Tasso,1998,0.26491658593642,0.49168020967192,0.12198906354115001
1,Intera Popolazione,29,Valore Complessivo di Esposizione,1,Globale,3,Entrambi,24,15-49 anni,103,Uso di droghe,3,Tasso,1998,0.8354212803426899,1.11051300726472,0.67877956515275
1,Intera Popolazione,29,Valore Complessivo di Esposizione,1,Globale,3,Entrambi,26,≥70 anni,103,Uso di droghe,3,Tasso,1998,0.23220065645694998,0.41132079782673003,0.10134051825723998
1,Intera Popolazione,29,Valore Complessivo di Esposizione,1,Globale,3,Entrambi,7,10-14 anni,103,Uso di droghe,3,Tasso,2003,0.0009203888270751803,0.0037622205460876522,0.0
1,Intera Popolazione,29,Valore Complessivo di Esposizione,1,Globale,3,Entrambi,8,15-19 anni,103,Uso di droghe,3,Tasso,2003,0.26363799602397003,0.38612433520047,0.16932579942597
1,Intera Popolazione,29,Valore Complessivo di Esposizione,1,Globale,3,Entrambi,9,20-24 anni,103,Uso di droghe,3,Tasso,2003,1.12010026053202,1.52609204674073,0.83597568480019
1,Intera Popolazione,29,Valore Complessivo di Esposizione,1,Globale,3,Entrambi,10,25-29 anni,103,Uso di droghe,3,Tasso,2003,1.31882217697263,1.7802720659892302,1.04382634081515
1,Intera Popolazione,29,Valore Complessivo di Esposizione,1,Globale,3,Entrambi,11,30-34 anni,103,Uso di droghe,3,Tasso,2003,1.04421733364712,1.65982453827303,0.73784577411814
1,Intera Popolazione,29,Valore Complessivo di Esposizione,1,Globale,3,Entrambi,12,35-39 anni,103,Uso di droghe,3,Tasso,2003,0.80529224571932,1.29565440105262,0.4778334045836
1,Intera Popolazione,29,Valore Complessivo di Esposizione,1,Globale,3,Entrambi,13,40-44 anni,103,Uso di droghe,3,Tasso,2003,0.64696459470492,1.1418394780485701,0.34632474560344
1,Intera Popolazione,29,Valore Complessivo di Esposizione,1,Globale,3,Entrambi,14,45-49 anni,103,Uso di droghe,3,Tasso,2003,0.54331249365071,0.9912148751089,0.27241855568501
1,Intera Popolazione,29,Valore Complessivo di Esposizione,1,Globale,3,Entrambi,15,50-54 anni,103,Uso di droghe,3,Tasso,2003,0.47449293868646003,0.8751898092594799,0.22976041403826997
1,Intera Popolazione,29,Valore Complessivo di Esposizione,1,Globale,3,Entrambi,16,55-59 anni,103,Uso di droghe,3,Tasso,2003,0.37771151320693,0.74365657209901,0.18196302386532
1,Intera Popolazione,29,Valore Complessivo di Esposizione,1,Globale,3,Entrambi,17,60-64 anni,103,Uso di droghe,3,Tasso,2003,0.30287660763081997,0.57550200382159,0.14259532674061
1,Intera Popolazione,29,Valore Complessivo di Esposizione,1,Globale,3,Entrambi,18,65-69 anni,103,Uso di droghe,3,Tasso,2003,0.2541439298957,0.47150666967970994,0.11889176970907
1,Intera Popolazione,29,Valore Complessivo di Esposizione,1,Globale,3,Entrambi,24,15-49 anni,103,Uso di droghe,3,Tasso,2003,0.8234257563294701,1.16107034147659,0.64475636054328
1,Intera Popolazione,29,Valore Complessivo di Esposizione,1,Globale,3,Entrambi,26,≥70 anni,103,Uso di droghe,3,Tasso,2003,0.22048950939741,0.39050346919165,0.09756503800190999
1,Intera Popolazione,29,Valore Complessivo di Esposizione,1,Globale,3,Entrambi,7,10-14 anni,103,Uso di droghe,3,Tasso,2000,0.000875671217002994,0.0035635684656616694,0.0
1,Intera Popolazione,29,Valore Complessivo di Esposizione,1,Globale,3,Entrambi,8,15-19 anni,103,Uso di droghe,3,Tasso,2000,0.26748901375108997,0.39628922896824,0.17051087614588
1,Intera Popolazione,29,Valore Complessivo di Esposizione,1,Globale,3,Entrambi,9,20-24 anni,103,Uso di droghe,3,Tasso,2000,1.13051732820353,1.54646197690682,0.8360351396082899
1,Intera Popolazione,29,Valore Complessivo di Esposizione,1,Globale,3,Entrambi,10,25-29 anni,103,Uso di droghe,3,Tasso,2000,1.3405367228942,1.77166751398982,1.05351713210599
1,Intera Popolazione,29,Valore Complessivo di Esposizione,1,Globale,3,Entrambi,11,30-34 anni,103,Uso di droghe,3,Tasso,2000,1.04264028430044,1.6473302024380299,0.75281594551207
1,Intera Popolazione,29,Valore Complessivo di Esposizione,1,Globale,3,Entrambi,12,35-39 anni,103,Uso di droghe,3,Tasso,2000,0.8163044088768201,1.31221104062375,0.49144563134024
1,Intera Popolazione,29,Valore Complessivo di Esposizione,1,Globale,3,Entrambi,13,40-44 anni,103,Uso di droghe,3,Tasso,2000,0.64838306796453,1.14910993926819,0.34883094216052
1,Intera Popolazione,29,Valore Complessivo di Esposizione,1,Globale,3,Entrambi,14,45-49 anni,103,Uso di droghe,3,Tasso,2000,0.5469962147002201,1.00162325844134,0.27271385292534
1,Intera Popolazione,29,Valore Complessivo di Esposizione,1,Globale,3,Entrambi,15,50-54 anni,103,Uso di droghe,3,Tasso,2000,0.48070475647326,0.8852467946482,0.23365055392962
1,Intera Popolazione,29,Valore Complessivo di Esposizione,1,Globale,3,Entrambi,16,55-59 anni,103,Uso di droghe,3,Tasso,2000,0.37943598702571996,0.75242479579669,0.18066820974872
1,Intera Popolazione,29,Valore Complessivo di Esposizione,1,Globale,3,Entrambi,17,60-64 anni,103,Uso di droghe,3,Tasso,2000,0.31566804252024,0.60530056023957,0.14469041028177002
1,Intera Popolazione,29,Valore Complessivo di Esposizione,1,Globale,3,Entrambi,18,65-69 anni,103,Uso di droghe,3,Tasso,2000,0.25961762805888,0.48103156772905,0.12070347812727
1,Intera Popolazione,29,Valore Complessivo di Esposizione,1,Globale,3,Entrambi,24,15-49 anni,103,Uso di droghe,3,Tasso,2000,0.8376315821388,1.14175724434814,0.67418547644905
1,Intera Popolazione,29,Valore Complessivo di Esposizione,1,Globale,3,Entrambi,26,≥70 anni,103,Uso di droghe,3,Tasso,2000,0.22921687263556,0.40648486627241,0.10053030648945001
1,Intera Popolazione,29,Valore Complessivo di Esposizione,1,Globale,3,Entrambi,7,10-14 anni,103,Uso di droghe,3,Tasso,2001,0.000887492085731675,0.003598777523830926,0.0
1,Intera Popolazione,29,Valore Complessivo di Esposizione,1,Globale,3,Entrambi,8,15-19 anni,103,Uso di droghe,3,Tasso,2001,0.26728543606002,0.39406834688615006,0.17118103031981
1,Intera Popolazione,29,Valore Complessivo di Esposizione,1,Globale,3,Entrambi,9,20-24 anni,103,Uso di droghe,3,Tasso,2001,1.12922702033685,1.5408819983520199,0.8379070108634199
1,Intera Popolazione,29,Valore Complessivo di Esposizione,1,Globale,3,Entrambi,10,25-29 anni,103,Uso di droghe,3,Tasso,2001,1.33479399488212,1.78998533524376,1.04876963936079
1,Intera Popolazione,29,Valore Complessivo di Esposizione,1,Globale,3,Entrambi,11,30-34 anni,103,Uso di droghe,3,Tasso,2001,1.04385918360277,1.6531444151916102,0.75075394788262
1,Intera Popolazione,29,Valore Complessivo di Esposizione,1,Globale,3,Entrambi,12,35-39 anni,103,Uso di droghe,3,Tasso,2001,0.8147417208200101,1.30772371188009,0.48857514999781004
1,Intera Popolazione,29,Valore Complessivo di Esposizione,1,Globale,3,Entrambi,13,40-44 anni,103,Uso di droghe,3,Tasso,2001,0.64953923772902,1.15022964270206,0.34903273366215
1,Intera Popolazione,29,Valore Complessivo di Esposizione,1,Globale,3,Entrambi,14,45-49 anni,103,Uso di droghe,3,Tasso,2001,0.5474266514674,1.00104010507515,0.27281702737263
1,Intera Popolazione,29,Valore Complessivo di Esposizione,1,Globale,3,Entrambi,15,50-54 anni,103,Uso di droghe,3,Tasso,2001,0.48305730944710995,0.89036569069794,0.23444297142841997
1,Intera Popolazione,29,Valore Complessivo di Esposizione,1,Globale,3,Entrambi,16,55-59 anni,103,Uso di droghe,3,Tasso,2001,0.37563802793988,0.74450039595256,0.17980822557925
1,Intera Popolazione,29,Valore Complessivo di Esposizione,1,Globale,3,Entrambi,17,60-64 anni,103,Uso di droghe,3,Tasso,2001,0.31370495232815,0.59971000639867,0.1445806725138
1,Intera Popolazione,29,Valore Complessivo di Esposizione,1,Globale,3,Entrambi,18,65-69 anni,103,Uso di droghe,3,Tasso,2001,0.25743666699555,0.47718723682686004,0.11995863784375
1,Intera Popolazione,29,Valore Complessivo di Esposizione,1,Globale,3,Entrambi,24,15-49 anni,103,Uso di droghe,3,Tasso,2001,0.83421979492565,1.14930802305839,0.66901744638552
1,Intera Popolazione,29,Valore Complessivo di Esposizione,1,Globale,3,Entrambi,26,≥70 anni,103,Uso di droghe,3,Tasso,2001,0.22680759363296,0.40226352601751003,0.09975141318750999
1,Intera Popolazione,29,Valore Complessivo di Esposizione,1,Globale,3,Entrambi,7,10-14 anni,103,Uso di droghe,3,Tasso,1997,0.0008506244708048033,0.0034588820575837714,0.0
1,Intera Popolazione,29,Valore Complessivo di Esposizione,1,Globale,3,Entrambi,8,15-19 anni,103,Uso di droghe,3,Tasso,1997,0.25947006565288,0.39880242649514996,0.1589106496073
1,Intera Popolazione,29,Valore Complessivo di Esposizione,1,Globale,3,Entrambi,9,20-24 anni,103,Uso di droghe,3,Tasso,1997,1.11322245749711,1.57333700422377,0.78670410565864
1,Intera Popolazione,29,Valore Complessivo di Esposizione,1,Globale,3,Entrambi,10,25-29 anni,103,Uso di droghe,3,Tasso,1997,1.32106566875204,1.725269594813,1.01899392940594
1,Intera Popolazione,29,Valore Complessivo di Esposizione,1,Globale,3,Entrambi,11,30-34 anni,103,Uso di droghe,3,Tasso,1997,1.03414672257824,1.63343410293278,0.7588211414415801
1,Intera Popolazione,29,Valore Complessivo di Esposizione,1,Globale,3,Entrambi,12,35-39 anni,103,Uso di droghe,3,Tasso,1997,0.7969651329423301,1.2899293073339,0.48507106890176
1,Intera Popolazione,29,Valore Complessivo di Esposizione,1,Globale,3,Entrambi,13,40-44 anni,103,Uso di droghe,3,Tasso,1997,0.63631660262382,1.1309678395698,0.34532420578446
1,Intera Popolazione,29,Valore Complessivo di Esposizione,1,Globale,3,Entrambi,14,45-49 anni,103,Uso di droghe,3,Tasso,1997,0.53851005020786,0.9910849854540099,0.27171581763988
1,Intera Popolazione,29,Valore Complessivo di Esposizione,1,Globale,3,Entrambi,15,50-54 anni,103,Uso di droghe,3,Tasso,1997,0.45237306696146,0.8277901040787501,0.22137309361187
1,Intera Popolazione,29,Valore Complessivo di Esposizione,1,Globale,3,Entrambi,16,55-59 anni,103,Uso di droghe,3,Tasso,1997,0.39648936823907,0.79999771956406,0.17989875117746001
1,Intera Popolazione,29,Valore Complessivo di Esposizione,1,Globale,3,Entrambi,17,60-64 anni,103,Uso di droghe,3,Tasso,1997,0.3094306438944,0.5934129305191099,0.14260291262473002
1,Intera Popolazione,29,Valore Complessivo di Esposizione,1,Globale,3,Entrambi,18,65-69 anni,103,Uso di droghe,3,Tasso,1997,0.26675531865363,0.49514886329157004,0.12235423153705001
1,Intera Popolazione,29,Valore Complessivo di Esposizione,1,Globale,3,Entrambi,24,15-49 anni,103,Uso di droghe,3,Tasso,1997,0.83096077984386,1.0933513962491301,0.6796181887027101
1,Intera Popolazione,29,Valore Complessivo di Esposizione,1,Globale,3,Entrambi,26,≥70 anni,103,Uso di droghe,3,Tasso,1997,0.23298723873288,0.41212794145628,0.10134694398046
1,Intera Popolazione,29,Valore Complessivo di Esposizione,1,Globale,3,Entrambi,7,10-14 anni,103,Uso di droghe,3,Tasso,1996,0.0008491012746589139,0.0034435634214915224,0.0
1,Intera Popolazione,29,Valore Complessivo di Esposizione,1,Globale,3,Entrambi,8,15-19 anni,103,Uso di droghe,3,Tasso,1996,0.25627977444315,0.39977513633967,0.15338622339406
1,Intera Popolazione,29,Valore Complessivo di Esposizione,1,Globale,3,Entrambi,9,20-24 anni,103,Uso di droghe,3,Tasso,1996,1.10784019409319,1.60095427018693,0.75787995539638
1,Intera Popolazione,29,Valore Complessivo di Esposizione,1,Globale,3,Entrambi,10,25-29 anni,103,Uso di droghe,3,Tasso,1996,1.31164362281973,1.6914037960725499,0.99690938193712
1,Intera Popolazione,29,Valore Complessivo di Esposizione,1,Globale,3,Entrambi,11,30-34 anni,103,Uso di droghe,3,Tasso,1996,1.02791767585202,1.62406170351825,0.75698175650346
1,Intera Popolazione,29,Valore Complessivo di Esposizione,1,Globale,3,Entrambi,12,35-39 anni,103,Uso di droghe,3,Tasso,1996,0.78773153058093,1.2618429743420498,0.48363605341399
1,Intera Popolazione,29,Valore Complessivo di Esposizione,1,Globale,3,Entrambi,13,40-44 anni,103,Uso di droghe,3,Tasso,1996,0.6300309672637,1.11917010634244,0.34360458627231
1,Intera Popolazione,29,Valore Complessivo di Esposizione,1,Globale,3,Entrambi,14,45-49 anni,103,Uso di droghe,3,Tasso,1996,0.5345516393016501,0.9819354423642601,0.27141288866497
1,Intera Popolazione,29,Valore Complessivo di Esposizione,1,Globale,3,Entrambi,15,50-54 anni,103,Uso di droghe,3,Tasso,1996,0.44730102819955003,0.82148485087365,0.21705186245525998
1,Intera Popolazione,29,Valore Complessivo di Esposizione,1,Globale,3,Entrambi,16,55-59 anni,103,Uso di droghe,3,Tasso,1996,0.39804898272209,0.80600741155781,0.1790433447653
1,Intera Popolazione,29,Valore Complessivo di Esposizione,1,Globale,3,Entrambi,17,60-64 anni,103,Uso di droghe,3,Tasso,1996,0.3080018677234,0.5910545085854101,0.14208393994886
1,Intera Popolazione,29,Valore Complessivo di Esposizione,1,Globale,3,Entrambi,18,65-69 anni,103,Uso di droghe,3,Tasso,1996,0.26829849630909,0.49550709970862,0.12277403098417
1,Intera Popolazione,29,Valore Complessivo di Esposizione,1,Globale,3,Entrambi,24,15-49 anni,103,Uso di droghe,3,Tasso,1996,0.8264250163415201,1.07753840272889,0.67630119772251
1,Intera Popolazione,29,Valore Complessivo di Esposizione,1,Globale,3,Entrambi,26,≥70 anni,103,Uso di droghe,3,Tasso,1996,0.23334121257376,0.41234435728473,0.10124369531546999
1,Intera Popolazione,29,Valore Complessivo di Esposizione,1,Globale,3,Entrambi,7,10-14 anni,103,Uso di droghe,3,Tasso,2006,0.0009483739404428658,0.0038503810540742884,0.0
1,Intera Popolazione,29,Valore Complessivo di Esposizione,1,Globale,3,Entrambi,8,15-19 anni,103,Uso di droghe,3,Tasso,2006,0.25142717647185003,0.36914030210928,0.16057964304917
1,Intera Popolazione,29,Valore Complessivo di Esposizione,1,Globale,3,Entrambi,9,20-24 anni,103,Uso di droghe,3,Tasso,2006,1.08758439422196,1.46218216626204,0.81195561297822
1,Intera Popolazione,29,Valore Complessivo di Esposizione,1,Globale,3,Entrambi,10,25-29 anni,103,Uso di droghe,3,Tasso,2006,1.29225479079046,1.7929905289928099,1.02089617749352
1,Intera Popolazione,29,Valore Complessivo di Esposizione,1,Globale,3,Entrambi,11,30-34 anni,103,Uso di droghe,3,Tasso,2006,1.0191295814130201,1.63779264962372,0.69511959329393
1,Intera Popolazione,29,Valore Complessivo di Esposizione,1,Globale,3,Entrambi,12,35-39 anni,103,Uso di droghe,3,Tasso,2006,0.7872671043056599,1.28089993489731,0.45807436741388
1,Intera Popolazione,29,Valore Complessivo di Esposizione,1,Globale,3,Entrambi,13,40-44 anni,103,Uso di droghe,3,Tasso,2006,0.62751337513647,1.09751211273085,0.33394847178207
1,Intera Popolazione,29,Valore Complessivo di Esposizione,1,Globale,3,Entrambi,14,45-49 anni,103,Uso di droghe,3,Tasso,2006,0.53719970385812,0.96848689484873,0.27225358716837
1,Intera Popolazione,29,Valore Complessivo di Esposizione,1,Globale,3,Entrambi,15,50-54 anni,103,Uso di droghe,3,Tasso,2006,0.46243444333317,0.85381829173357,0.22372029788624
1,Intera Popolazione,29,Valore Complessivo di Esposizione,1,Globale,3,Entrambi,16,55-59 anni,103,Uso di droghe,3,Tasso,2006,0.38319659251881,0.74967083288395,0.18307803205378
1,Intera Popolazione,29,Valore Complessivo di Esposizione,1,Globale,3,Entrambi,17,60-64 anni,103,Uso di droghe,3,Tasso,2006,0.29011107778286,0.54510861542353,0.14002298194382
1,Intera Popolazione,29,Valore Complessivo di Esposizione,1,Globale,3,Entrambi,18,65-69 anni,103,Uso di droghe,3,Tasso,2006,0.24823522310425,0.46024442355357004,0.11725498900921
1,Intera Popolazione,29,Valore Complessivo di Esposizione,1,Globale,3,Entrambi,24,15-49 anni,103,Uso di droghe,3,Tasso,2006,0.80239839232362,1.15850440948204,0.6153892516964801
1,Intera Popolazione,29,Valore Complessivo di Esposizione,1,Globale,3,Entrambi,26,≥70 anni,103,Uso di droghe,3,Tasso,2006,0.21140112844944997,0.3736709639052,0.09446251424147
1,Intera Popolazione,29,Valore Complessivo di Esposizione,1,Globale,3,Entrambi,7,10-14 anni,103,Uso di droghe,3,Tasso,2009,0.0009781041472785258,0.003971180311915015,0.0
1,Intera Popolazione,29,Valore Complessivo di Esposizione,1,Globale,3,Entrambi,8,15-19 anni,103,Uso di droghe,3,Tasso,2009,0.22944118594070997,0.34884905512604003,0.14427290093923
1,Intera Popolazione,29,Valore Complessivo di Esposizione,1,Globale,3,Entrambi,9,20-24 anni,103,Uso di droghe,3,Tasso,2009,1.00444014491826,1.36961162086713,0.755754806159
1,Intera Popolazione,29,Valore Complessivo di Esposizione,1,Globale,3,Entrambi,10,25-29 anni,103,Uso di droghe,3,Tasso,2009,1.2317780577345099,1.73093558414701,0.9627081049403701
1,Intera Popolazione,29,Valore Complessivo di Esposizione,1,Globale,3,Entrambi,11,30-34 anni,103,Uso di droghe,3,Tasso,2009,0.98246078132314,1.62192338122225,0.6445492598694
1,Intera Popolazione,29,Valore Complessivo di Esposizione,1,Globale,3,Entrambi,12,35-39 anni,103,Uso di droghe,3,Tasso,2009,0.75913863275185,1.2423822765208399,0.43021131514462996
1,Intera Popolazione,29,Valore Complessivo di Esposizione,1,Globale,3,Entrambi,13,40-44 anni,103,Uso di droghe,3,Tasso,2009,0.59508935308461,1.03353124360245,0.3165790919073
1,Intera Popolazione,29,Valore Complessivo di Esposizione,1,Globale,3,Entrambi,14,45-49 anni,103,Uso di droghe,3,Tasso,2009,0.52614738730535,0.9431690021280701,0.26301002391607997
1,Intera Popolazione,29,Valore Complessivo di Esposizione,1,Globale,3,Entrambi,15,50-54 anni,103,Uso di droghe,3,Tasso,2009,0.46862466408667,0.8804351988219901,0.22477168594295
1,Intera Popolazione,29,Valore Complessivo di Esposizione,1,Globale,3,Entrambi,16,55-59 anni,103,Uso di droghe,3,Tasso,2009,0.38368636982964,0.7505825577256999,0.17904570410082998
1,Intera Popolazione,29,Valore Complessivo di Esposizione,1,Globale,3,Entrambi,17,60-64 anni,103,Uso di droghe,3,Tasso,2009,0.29925834076393,0.56576612180861,0.14133304153552
1,Intera Popolazione,29,Valore Complessivo di Esposizione,1,Globale,3,Entrambi,18,65-69 anni,103,Uso di droghe,3,Tasso,2009,0.24009266549372,0.44393675751624995,0.11487442351374999
1,Intera Popolazione,29,Valore Complessivo di Esposizione,1,Globale,3,Entrambi,24,15-49 anni,103,Uso di droghe,3,Tasso,2009,0.76591427552141,1.1265261462769,0.57828487404707
1,Intera Popolazione,29,Valore Complessivo di Esposizione,1,Globale,3,Entrambi,26,≥70 anni,103,Uso di droghe,3,Tasso,2009,0.20301905580689,0.35976371535556,0.09082310272473
1,Intera Popolazione,29,Valore Complessivo di Esposizione,1,Globale,3,Entrambi,7,10-14 anni,103,Uso di droghe,3,Tasso,2004,0.0009342211577201291,0.003823378232971991,0.0
1,Intera Popolazione,29,Valore Complessivo di Esposizione,1,Globale,3,Entrambi,8,15-19 anni,103,Uso di droghe,3,Tasso,2004,0.26056965761657,0.38079814768573,0.16651198305183001
1,Intera Popolazione,29,Valore Complessivo di Esposizione,1,Globale,3,Entrambi,9,20-24 anni,103,Uso di droghe,3,Tasso,2004,1.11269454652341,1.5002829147713,0.83107292606721
1,Intera Popolazione,29,Valore Complessivo di Esposizione,1,Globale,3,Entrambi,10,25-29 anni,103,Uso di droghe,3,Tasso,2004,1.31140933673818,1.78265612758371,1.04042354276763
1,Intera Popolazione,29,Valore Complessivo di Esposizione,1,Globale,3,Entrambi,11,30-34 anni,103,Uso di droghe,3,Tasso,2004,1.04056600393449,1.65594129538354,0.72695305629114
1,Intera Popolazione,29,Valore Complessivo di Esposizione,1,Globale,3,Entrambi,12,35-39 anni,103,Uso di droghe,3,Tasso,2004,0.79903000656904,1.29426052489031,0.47091438479298997
1,Intera Popolazione,29,Valore Complessivo di Esposizione,1,Globale,3,Entrambi,13,40-44 anni,103,Uso di droghe,3,Tasso,2004,0.6432841131716499,1.13179700172208,0.34371059357291
1,Intera Popolazione,29,Valore Complessivo di Esposizione,1,Globale,3,Entrambi,14,45-49 anni,103,Uso di droghe,3,Tasso,2004,0.5405266135018799,0.98236090107714,0.27228082089798
1,Intera Popolazione,29,Valore Complessivo di Esposizione,1,Globale,3,Entrambi,15,50-54 anni,103,Uso di droghe,3,Tasso,2004,0.46956152503235,0.86606477693916,0.22748725067449999
1,Intera Popolazione,29,Valore Complessivo di Esposizione,1,Globale,3,Entrambi,16,55-59 anni,103,Uso di droghe,3,Tasso,2004,0.38015285852264,0.74779502989342,0.18243072593127
1,Intera Popolazione,29,Valore Complessivo di Esposizione,1,Globale,3,Entrambi,17,60-64 anni,103,Uso di droghe,3,Tasso,2004,0.29628438072835,0.55941110954278,0.14144098587366
1,Intera Popolazione,29,Valore Complessivo di Esposizione,1,Globale,3,Entrambi,18,65-69 anni,103,Uso di droghe,3,Tasso,2004,0.25271727774659997,0.46877853257551994,0.11849278322935
1,Intera Popolazione,29,Valore Complessivo di Esposizione,1,Globale,3,Entrambi,24,15-49 anni,103,Uso di droghe,3,Tasso,2004,0.8173909274201,1.16354934128403,0.63391504726593
1,Intera Popolazione,29,Valore Complessivo di Esposizione,1,Globale,3,Entrambi,26,≥70 anni,103,Uso di droghe,3,Tasso,2004,0.21707187853133,0.38412730594742,0.09651081153358
1,Intera Popolazione,29,Valore Complessivo di Esposizione,1,Globale,3,Entrambi,7,10-14 anni,103,Uso di droghe,3,Tasso,1999,0.0008666785573296359,0.0035310036299461213,0.0
1,Intera Popolazione,29,Valore Complessivo di Esposizione,1,Globale,3,Entrambi,8,15-19 anni,103,Uso di droghe,3,Tasso,1999,0.26618019994295,0.39757360390270996,0.16864442786043002
1,Intera Popolazione,29,Valore Complessivo di Esposizione,1,Globale,3,Entrambi,9,20-24 anni,103,Uso di droghe,3,Tasso,1999,1.12744666770706,1.55072770097887,0.8292546402404901
1,Intera Popolazione,29,Valore Complessivo di Esposizione,1,Globale,3,Entrambi,10,25-29 anni,103,Uso di droghe,3,Tasso,1999,1.3398210393102,1.7569898350867201,1.05170707127489
1,Intera Popolazione,29,Valore Complessivo di Esposizione,1,Globale,3,Entrambi,11,30-34 anni,103,Uso di droghe,3,Tasso,1999,1.04111207584258,1.64574335013453,0.7549253327792099
1,Intera Popolazione,29,Valore Complessivo di Esposizione,1,Globale,3,Entrambi,12,35-39 anni,103,Uso di droghe,3,Tasso,1999,0.81413978546317,1.31934432396386,0.4906622956954
1,Intera Popolazione,29,Valore Complessivo di Esposizione,1,Globale,3,Entrambi,13,40-44 anni,103,Uso di droghe,3,Tasso,1999,0.64566155178917,1.14557678372342,0.34826923858776004
1,Intera Popolazione,29,Valore Complessivo di Esposizione,1,Globale,3,Entrambi,14,45-49 anni,103,Uso di droghe,3,Tasso,1999,0.5463029879724,1.0038122477100901,0.27318618264687
1,Intera Popolazione,29,Valore Complessivo di Esposizione,1,Globale,3,Entrambi,15,50-54 anni,103,Uso di droghe,3,Tasso,1999,0.4716318553175,0.8656692209848601,0.22976313216515
1,Intera Popolazione,29,Valore Complessivo di Esposizione,1,Globale,3,Entrambi,16,55-59 anni,103,Uso di droghe,3,Tasso,1999,0.385009441854,0.76773227164346,0.18103677353639
1,Intera Popolazione,29,Valore Complessivo di Esposizione,1,Globale,3,Entrambi,17,60-64 anni,103,Uso di droghe,3,Tasso,1999,0.31461900305019996,0.60275889341055,0.14435063744919
1,Intera Popolazione,29,Valore Complessivo di Esposizione,1,Globale,3,Entrambi,18,65-69 anni,103,Uso di droghe,3,Tasso,1999,0.26219429018615,0.48638116171485996,0.12140293756767999
1,Intera Popolazione,29,Valore Complessivo di Esposizione,1,Globale,3,Entrambi,24,15-49 anni,103,Uso di droghe,3,Tasso,1999,0.8384356941543001,1.12673598703351,0.6763075745945101
1,Intera Popolazione,29,Valore Complessivo di Esposizione,1,Globale,3,Entrambi,26,≥70 anni,103,Uso di droghe,3,Tasso,1999,0.2309902149819,0.40952336352804,0.10105427998300001
1,Intera Popolazione,29,Valore Complessivo di Esposizione,1,Globale,3,Entrambi,7,10-14 anni,103,Uso di droghe,3,Tasso,2002,0.0009037489939039032,0.003670859507143768,0.0
1,Intera Popolazione,29,Valore Complessivo di Esposizione,1,Globale,3,Entrambi,8,15-19 anni,103,Uso di droghe,3,Tasso,2002,0.26603596980204,0.39050591796801,0.1709863380569
1,Intera Popolazione,29,Valore Complessivo di Esposizione,1,Globale,3,Entrambi,9,20-24 anni,103,Uso di droghe,3,Tasso,2002,1.12551738741459,1.55284648976352,0.8367520456315201
1,Intera Popolazione,29,Valore Complessivo di Esposizione,1,Globale,3,Entrambi,10,25-29 anni,103,Uso di droghe,3,Tasso,2002,1.32703591859733,1.78452526736873,1.04290811977794
1,Intera Popolazione,29,Valore Complessivo di Esposizione,1,Globale,3,Entrambi,11,30-34 anni,103,Uso di droghe,3,Tasso,2002,1.0448347271407799,1.65679063672101,0.7466119878073
1,Intera Popolazione,29,Valore Complessivo di Esposizione,1,Globale,3,Entrambi,12,35-39 anni,103,Uso di droghe,3,Tasso,2002,0.81105720191775,1.30793317461001,0.48403949732732005
1,Intera Popolazione,29,Valore Complessivo di Esposizione,1,Globale,3,Entrambi,13,40-44 anni,103,Uso di droghe,3,Tasso,2002,0.64923018441566,1.14746733520277,0.34845208918429
1,Intera Popolazione,29,Valore Complessivo di Esposizione,1,Globale,3,Entrambi,14,45-49 anni,103,Uso di droghe,3,Tasso,2002,0.54575603019938,0.9961759078711799,0.27266311738709
1,Intera Popolazione,29,Valore Complessivo di Esposizione,1,Globale,3,Entrambi,15,50-54 anni,103,Uso di droghe,3,Tasso,2002,0.47918400202372,0.8828648322259399,0.23222253529332
1,Intera Popolazione,29,Valore Complessivo di Esposizione,1,Globale,3,Entrambi,16,55-59 anni,103,Uso di droghe,3,Tasso,2002,0.37623560340335,0.74374548960191,0.18099632173309
1,Intera Popolazione,29,Valore Complessivo di Esposizione,1,Globale,3,Entrambi,17,60-64 anni,103,Uso di droghe,3,Tasso,2002,0.30933784309342,0.5898714723140001,0.14381912240966
1,Intera Popolazione,29,Valore Complessivo di Esposizione,1,Globale,3,Entrambi,18,65-69 anni,103,Uso di droghe,3,Tasso,2002,0.25579459085475,0.47419874443353,0.11945879859087999
1,Intera Popolazione,29,Valore Complessivo di Esposizione,1,Globale,3,Entrambi,24,15-49 anni,103,Uso di droghe,3,Tasso,2002,0.8292535940900301,1.15531950915966,0.65720355178486
1,Intera Popolazione,29,Valore Complessivo di Esposizione,1,Globale,3,Entrambi,26,≥70 anni,103,Uso di droghe,3,Tasso,2002,0.22372706175855,0.39649032076891,0.09865066383441001
1,Intera Popolazione,29,Valore Complessivo di Esposizione,1,Globale,3,Entrambi,7,10-14 anni,103,Uso di droghe,3,Tasso,2005,0.00094173593788861,0.0038357859372904137,0.0
1,Intera Popolazione,29,Valore Complessivo di Esposizione,1,Globale,3,Entrambi,8,15-19 anni,103,Uso di droghe,3,Tasso,2005,0.25706947792867,0.37566317674055,0.16405996668719
1,Intera Popolazione,29,Valore Complessivo di Esposizione,1,Globale,3,Entrambi,9,20-24 anni,103,Uso di droghe,3,Tasso,2005,1.1038845389162701,1.48906733489891,0.8243086909071299
1,Intera Popolazione,29,Valore Complessivo di Esposizione,1,Globale,3,Entrambi,10,25-29 anni,103,Uso di droghe,3,Tasso,2005,1.30509113107743,1.7887683406310502,1.03960438524217
1,Intera Popolazione,29,Valore Complessivo di Esposizione,1,Globale,3,Entrambi,11,30-34 anni,103,Uso di droghe,3,Tasso,2005,1.03318389129196,1.64801198428872,0.71320693788423
1,Intera Popolazione,29,Valore Complessivo di Esposizione,1,Globale,3,Entrambi,12,35-39 anni,103,Uso di droghe,3,Tasso,2005,0.79391604011074,1.29004070102424,0.46392190958496
1,Intera Popolazione,29,Valore Complessivo di Esposizione,1,Globale,3,Entrambi,13,40-44 anni,103,Uso di droghe,3,Tasso,2005,0.6371133929524699,1.1171618489697,0.33883037224091
1,Intera Popolazione,29,Valore Complessivo di Esposizione,1,Globale,3,Entrambi,14,45-49 anni,103,Uso di droghe,3,Tasso,2005,0.5389252227250501,0.9740731108833399,0.27225498465314
1,Intera Popolazione,29,Valore Complessivo di Esposizione,1,Globale,3,Entrambi,15,50-54 anni,103,Uso di droghe,3,Tasso,2005,0.46462614998691,0.85723046522893,0.22467747748312
1,Intera Popolazione,29,Valore Complessivo di Esposizione,1,Globale,3,Entrambi,16,55-59 anni,103,Uso di droghe,3,Tasso,2005,0.38264850293077,0.75019469879323,0.18330581693444
1,Intera Popolazione,29,Valore Complessivo di Esposizione,1,Globale,3,Entrambi,17,60-64 anni,103,Uso di droghe,3,Tasso,2005,0.29200937475933997,0.54884354323191,0.14048835855418998
1,Intera Popolazione,29,Valore Complessivo di Esposizione,1,Globale,3,Entrambi,18,65-69 anni,103,Uso di droghe,3,Tasso,2005,0.25081439405216,0.46543481060949005,0.11798407714535
1,Intera Popolazione,29,Valore Complessivo di Esposizione,1,Globale,3,Entrambi,24,15-49 anni,103,Uso di droghe,3,Tasso,2005,0.8115622185042901,1.16525421556209,0.6257398575091601
1,Intera Popolazione,29,Valore Complessivo di Esposizione,1,Globale,3,Entrambi,26,≥70 anni,103,Uso di droghe,3,Tasso,2005,0.21424357713251,0.37879145587581,0.09555712205138
1,Intera Popolazione,29,Valore Complessivo di Esposizione,1,Globale,3,Entrambi,7,10-14 anni,103,Uso di droghe,3,Tasso,2008,0.0009698906667026381,0.003938025692408652,0.0
1,Intera Popolazione,29,Valore Complessivo di Esposizione,1,Globale,3,Entrambi,8,15-19 anni,103,Uso di droghe,3,Tasso,2008,0.23567951419358,0.35495934147839997,0.14912808114647
1,Intera Popolazione,29,Valore Complessivo di Esposizione,1,Globale,3,Entrambi,9,20-24 anni,103,Uso di droghe,3,Tasso,2008,1.0300759328857099,1.3998430828622601,0.76930156826602
1,Intera Popolazione,29,Valore Complessivo di Esposizione,1,Globale,3,Entrambi,10,25-29 anni,103,Uso di droghe,3,Tasso,2008,1.24991918522066,1.75280790917778,0.9803819162001101
1,Intera Popolazione,29,Valore Complessivo di Esposizione,1,Globale,3,Entrambi,11,30-34 anni,103,Uso di droghe,3,Tasso,2008,0.98851930933819,1.60966228918735,0.6577922107499601
1,Intera Popolazione,29,Valore Complessivo di Esposizione,1,Globale,3,Entrambi,12,35-39 anni,103,Uso di droghe,3,Tasso,2008,0.7667907110932001,1.25372494309771,0.43903091457535
1,Intera Popolazione,29,Valore Complessivo di Esposizione,1,Globale,3,Entrambi,13,40-44 anni,103,Uso di droghe,3,Tasso,2008,0.60295526186068,1.04916037476105,0.32195479906557
1,Intera Popolazione,29,Valore Complessivo di Esposizione,1,Globale,3,Entrambi,14,45-49 anni,103,Uso di droghe,3,Tasso,2008,0.5296127474441901,0.95033215475291,0.2664547488577
1,Intera Popolazione,29,Valore Complessivo di Esposizione,1,Globale,3,Entrambi,15,50-54 anni,103,Uso di droghe,3,Tasso,2008,0.46339893811801003,0.86380916817182,0.22364061382314998
1,Intera Popolazione,29,Valore Complessivo di Esposizione,1,Globale,3,Entrambi,16,55-59 anni,103,Uso di droghe,3,Tasso,2008,0.38143678667757003,0.7454314335387,0.17954208895286
1,Intera Popolazione,29,Valore Complessivo di Esposizione,1,Globale,3,Entrambi,17,60-64 anni,103,Uso di droghe,3,Tasso,2008,0.29529873387058003,0.55628484539748,0.1415325238345
1,Intera Popolazione,29,Valore Complessivo di Esposizione,1,Globale,3,Entrambi,18,65-69 anni,103,Uso di droghe,3,Tasso,2008,0.24247176481695001,0.44920221793505,0.11558812485639
1,Intera Popolazione,29,Valore Complessivo di Esposizione,1,Globale,3,Entrambi,24,15-49 anni,103,Uso di droghe,3,Tasso,2008,0.77551005747316,1.1324877683739,0.5885707757402601
1,Intera Popolazione,29,Valore Complessivo di Esposizione,1,Globale,3,Entrambi,26,≥70 anni,103,Uso di droghe,3,Tasso,2008,0.20561265766827,0.36410460330038,0.09201027334893
1,Intera Popolazione,29,Valore Complessivo di Esposizione,1,Globale,3,Entrambi,7,10-14 anni,103,Uso di droghe,3,Tasso,2012,0.0009508424439231816,0.003845145356802278,0.0
1,Intera Popolazione,29,Valore Complessivo di Esposizione,1,Globale,3,Entrambi,8,15-19 anni,103,Uso di droghe,3,Tasso,2012,0.22615180562131,0.33628141523348004,0.14646549144204
1,Intera Popolazione,29,Valore Complessivo di Esposizione,1,Globale,3,Entrambi,9,20-24 anni,103,Uso di droghe,3,Tasso,2012,0.99291438946198,1.33541141612174,0.7537306154051799
1,Intera Popolazione,29,Valore Complessivo di Esposizione,1,Globale,3,Entrambi,10,25-29 anni,103,Uso di droghe,3,Tasso,2012,1.2316746560346699,1.74097980157361,0.9573631349645201
1,Intera Popolazione,29,Valore Complessivo di Esposizione,1,Globale,3,Entrambi,11,30-34 anni,103,Uso di droghe,3,Tasso,2012,1.01749369872013,1.72635066023731,0.6412162105163299
1,Intera Popolazione,29,Valore Complessivo di Esposizione,1,Globale,3,Entrambi,12,35-39 anni,103,Uso di droghe,3,Tasso,2012,0.77639428360678,1.2934589027562802,0.42235381505150005
1,Intera Popolazione,29,Valore Complessivo di Esposizione,1,Globale,3,Entrambi,13,40-44 anni,103,Uso di droghe,3,Tasso,2012,0.62069568668725,1.08308384017888,0.31770909026193
1,Intera Popolazione,29,Valore Complessivo di Esposizione,1,Globale,3,Entrambi,14,45-49 anni,103,Uso di droghe,3,Tasso,2012,0.53814553010676,0.97210571262935,0.25902476843378
1,Intera Popolazione,29,Valore Complessivo di Esposizione,1,Globale,3,Entrambi,15,50-54 anni,103,Uso di droghe,3,Tasso,2012,0.5091072894474999,0.9709263688869899,0.22858939873191
1,Intera Popolazione,29,Valore Complessivo di Esposizione,1,Globale,3,Entrambi,16,55-59 anni,103,Uso di droghe,3,Tasso,2012,0.41054669010311995,0.8036183569697699,0.18513931455169
1,Intera Popolazione,29,Valore Complessivo di Esposizione,1,Globale,3,Entrambi,17,60-64 anni,103,Uso di droghe,3,Tasso,2012,0.31512823335494,0.59724024273609,0.14383190335456
1,Intera Popolazione,29,Valore Complessivo di Esposizione,1,Globale,3,Entrambi,18,65-69 anni,103,Uso di droghe,3,Tasso,2012,0.24462660274199,0.44783409272215996,0.1157420299363
1,Intera Popolazione,29,Valore Complessivo di Esposizione,1,Globale,3,Entrambi,24,15-49 anni,103,Uso di droghe,3,Tasso,2012,0.77994029088561,1.1809096398242,0.56906190870979
1,Intera Popolazione,29,Valore Complessivo di Esposizione,1,Globale,3,Entrambi,26,≥70 anni,103,Uso di droghe,3,Tasso,2012,0.19783736084053,0.35110678232568,0.08890838687666
1,Intera Popolazione,29,Valore Complessivo di Esposizione,1,Globale,3,Entrambi,7,10-14 anni,103,Uso di droghe,3,Tasso,2015,0.0008840136499870384,0.003596849820757155,0.0
1,Intera Popolazione,29,Valore Complessivo di Esposizione,1,Globale,3,Entrambi,8,15-19 anni,103,Uso di droghe,3,Tasso,2015,0.23662617813692,0.34285192047173,0.16249729362061
1,Intera Popolazione,29,Valore Complessivo di Esposizione,1,Globale,3,Entrambi,9,20-24 anni,103,Uso di droghe,3,Tasso,2015,1.03711201960022,1.47414340935974,0.7899266846470699
1,Intera Popolazione,29,Valore Complessivo di Esposizione,1,Globale,3,Entrambi,10,25-29 anni,103,Uso di droghe,3,Tasso,2015,1.28680510229546,1.8646444577495602,0.9786008219985799
1,Intera Popolazione,29,Valore Complessivo di Esposizione,1,Globale,3,Entrambi,11,30-34 anni,103,Uso di droghe,3,Tasso,2015,1.07479394236743,1.84872442765057,0.64816303835097
1,Intera Popolazione,29,Valore Complessivo di Esposizione,1,Globale,3,Entrambi,12,35-39 anni,103,Uso di droghe,3,Tasso,2015,0.8422970351554201,1.4673552127315401,0.43171151755642
1,Intera Popolazione,29,Valore Complessivo di Esposizione,1,Globale,3,Entrambi,13,40-44 anni,103,Uso di droghe,3,Tasso,2015,0.66676361183918,1.18773517715573,0.32441550361314
1,Intera Popolazione,29,Valore Complessivo di Esposizione,1,Globale,3,Entrambi,14,45-49 anni,103,Uso di droghe,3,Tasso,2015,0.57646483046672,1.05501368775285,0.26353056871480995
1,Intera Popolazione,29,Valore Complessivo di Esposizione,1,Globale,3,Entrambi,15,50-54 anni,103,Uso di droghe,3,Tasso,2015,0.53812183675691,1.04189832217424,0.22775344015031002
1,Intera Popolazione,29,Valore Complessivo di Esposizione,1,Globale,3,Entrambi,16,55-59 anni,103,Uso di droghe,3,Tasso,2015,0.451618015074,0.8748497832028501,0.19412175590523
1,Intera Popolazione,29,Valore Complessivo di Esposizione,1,Globale,3,Entrambi,17,60-64 anni,103,Uso di droghe,3,Tasso,2015,0.32777337936474,0.62495777951637,0.1444709640016
1,Intera Popolazione,29,Valore Complessivo di Esposizione,1,Globale,3,Entrambi,18,65-69 anni,103,Uso di droghe,3,Tasso,2015,0.25200625711348,0.45882523485175,0.11722783793247
1,Intera Popolazione,29,Valore Complessivo di Esposizione,1,Globale,3,Entrambi,24,15-49 anni,103,Uso di droghe,3,Tasso,2015,0.8276850473500699,1.3213775173933602,0.57274812319229
1,Intera Popolazione,29,Valore Complessivo di Esposizione,1,Globale,3,Entrambi,26,≥70 anni,103,Uso di droghe,3,Tasso,2015,0.19311451818258002,0.34344731400619,0.08739009213074
1,Intera Popolazione,29,Valore Complessivo di Esposizione,1,Globale,3,Entrambi,7,10-14 anni,103,Uso di droghe,3,Tasso,2007,0.0009586258112001141,0.003897636268253411,0.0
1,Intera Popolazione,29,Valore Complessivo di Esposizione,1,Globale,3,Entrambi,8,15-19 anni,103,Uso di droghe,3,Tasso,2007,0.24361322742386,0.36201649902812,0.15539487906297
1,Intera Popolazione,29,Valore Complessivo di Esposizione,1,Globale,3,Entrambi,9,20-24 anni,103,Uso di droghe,3,Tasso,2007,1.0611436604129099,1.4337079845670901,0.7910343611764299
1,Intera Popolazione,29,Valore Complessivo di Esposizione,1,Globale,3,Entrambi,10,25-29 anni,103,Uso di droghe,3,Tasso,2007,1.271612061638,1.78026721753505,1.00586953492252
1,Intera Popolazione,29,Valore Complessivo di Esposizione,1,Globale,3,Entrambi,11,30-34 anni,103,Uso di droghe,3,Tasso,2007,1.00213924588351,1.62218713990834,0.67427427815749
1,Intera Popolazione,29,Valore Complessivo di Esposizione,1,Globale,3,Entrambi,12,35-39 anni,103,Uso di droghe,3,Tasso,2007,0.77714599474274,1.26862342869035,0.44923280447492003
1,Intera Popolazione,29,Valore Complessivo di Esposizione,1,Globale,3,Entrambi,13,40-44 anni,103,Uso di droghe,3,Tasso,2007,0.61508380449605,1.0723806721786,0.32821097647944003
1,Intera Popolazione,29,Valore Complessivo di Esposizione,1,Globale,3,Entrambi,14,45-49 anni,103,Uso di droghe,3,Tasso,2007,0.53403561839978,0.95998601603131,0.26970835269688
1,Intera Popolazione,29,Valore Complessivo di Esposizione,1,Globale,3,Entrambi,15,50-54 anni,103,Uso di droghe,3,Tasso,2007,0.46141682224207,0.8549661290413599,0.22314912384423002
1,Intera Popolazione,29,Valore Complessivo di Esposizione,1,Globale,3,Entrambi,16,55-59 anni,103,Uso di droghe,3,Tasso,2007,0.38163762515325,0.74508024804068,0.18121565970668999
1,Intera Popolazione,29,Valore Complessivo di Esposizione,1,Globale,3,Entrambi,17,60-64 anni,103,Uso di droghe,3,Tasso,2007,0.29214067763396,0.54917116354817,0.14087197578412
1,Intera Popolazione,29,Valore Complessivo di Esposizione,1,Globale,3,Entrambi,18,65-69 anni,103,Uso di droghe,3,Tasso,2007,0.24537432781414,0.45489983280417,0.11626837452433
1,Intera Popolazione,29,Valore Complessivo di Esposizione,1,Globale,3,Entrambi,24,15-49 anni,103,Uso di droghe,3,Tasso,2007,0.78912707124382,1.14574375212824,0.60196843125946
1,Intera Popolazione,29,Valore Complessivo di Esposizione,1,Globale,3,Entrambi,26,≥70 anni,103,Uso di droghe,3,Tasso,2007,0.20843169759987,0.36880529028832,0.09317970262221
1,Intera Popolazione,29,Valore Complessivo di Esposizione,1,Globale,3,Entrambi,7,10-14 anni,103,Uso di droghe,3,Tasso,2011,0.0009698248305462542,0.003928669438600886,0.0
1,Intera Popolazione,29,Valore Complessivo di Esposizione,1,Globale,3,Entrambi,8,15-19 anni,103,Uso di droghe,3,Tasso,2011,0.22517878800051,0.34090834627194,0.14261161975586
1,Intera Popolazione,29,Valore Complessivo di Esposizione,1,Globale,3,Entrambi,9,20-24 anni,103,Uso di droghe,3,Tasso,2011,0.98848190569921,1.34590515428756,0.75047948380313
1,Intera Popolazione,29,Valore Complessivo di Esposizione,1,Globale,3,Entrambi,10,25-29 anni,103,Uso di droghe,3,Tasso,2011,1.22428857091226,1.72469570098557,0.95445290642291
1,Intera Popolazione,29,Valore Complessivo di Esposizione,1,Globale,3,Entrambi,11,30-34 anni,103,Uso di droghe,3,Tasso,2011,1.000043477815,1.68316510403793,0.63977955171752
1,Intera Popolazione,29,Valore Complessivo di Esposizione,1,Globale,3,Entrambi,12,35-39 anni,103,Uso di droghe,3,Tasso,2011,0.76342382831199,1.26208533744599,0.42200522024068
1,Intera Popolazione,29,Valore Complessivo di Esposizione,1,Globale,3,Entrambi,13,40-44 anni,103,Uso di droghe,3,Tasso,2011,0.60570818839473,1.05323818717007,0.31573392318028
1,Intera Popolazione,29,Valore Complessivo di Esposizione,1,Globale,3,Entrambi,14,45-49 anni,103,Uso di droghe,3,Tasso,2011,0.52861340787894,0.95002139950826,0.25943737344455997
1,Intera Popolazione,29,Valore Complessivo di Esposizione,1,Globale,3,Entrambi,15,50-54 anni,103,Uso di droghe,3,Tasso,2011,0.49215591024174,0.93533669507607,0.22757447252902
1,Intera Popolazione,29,Valore Complessivo di Esposizione,1,Globale,3,Entrambi,16,55-59 anni,103,Uso di droghe,3,Tasso,2011,0.39655043112128,0.7754685996322299,0.18091456030819
1,Intera Popolazione,29,Valore Complessivo di Esposizione,1,Globale,3,Entrambi,17,60-64 anni,103,Uso di droghe,3,Tasso,2011,0.31034138224526997,0.58748056985285,0.14373594263079
1,Intera Popolazione,29,Valore Complessivo di Esposizione,1,Globale,3,Entrambi,18,65-69 anni,103,Uso di droghe,3,Tasso,2011,0.24074798896370997,0.44302790929985003,0.11463750538536
1,Intera Popolazione,29,Valore Complessivo di Esposizione,1,Globale,3,Entrambi,24,15-49 anni,103,Uso di droghe,3,Tasso,2011,0.76935047804785,1.1498053890904298,0.57091361193344
1,Intera Popolazione,29,Valore Complessivo di Esposizione,1,Globale,3,Entrambi,26,≥70 anni,103,Uso di droghe,3,Tasso,2011,0.19955194562877998,0.35392538868932,0.08949023506289
1,Intera Popolazione,29,Valore Complessivo di Esposizione,1,Globale,3,Entrambi,7,10-14 anni,103,Uso di droghe,3,Tasso,2014,0.0009034693799681469,0.00366743461802895,0.0
1,Intera Popolazione,29,Valore Complessivo di Esposizione,1,Globale,3,Entrambi,8,15-19 anni,103,Uso di droghe,3,Tasso,2014,0.23226306519151,0.33153105521109,0.15718587340363
1,Intera Popolazione,29,Valore Complessivo di Esposizione,1,Globale,3,Entrambi,9,20-24 anni,103,Uso di droghe,3,Tasso,2014,1.01918789362484,1.4157209172076402,0.7694772583537
1,Intera Popolazione,29,Valore Complessivo di Esposizione,1,Globale,3,Entrambi,10,25-29 anni,103,Uso di droghe,3,Tasso,2014,1.26204172543584,1.8063813687917998,0.96765869388833
1,Intera Popolazione,29,Valore Complessivo di Esposizione,1,Globale,3,Entrambi,11,30-34 anni,103,Uso di droghe,3,Tasso,2014,1.0571582151305599,1.8094911269814,0.64413874062642
1,Intera Popolazione,29,Valore Complessivo di Esposizione,1,Globale,3,Entrambi,12,35-39 anni,103,Uso di droghe,3,Tasso,2014,0.81807722318793,1.40112314719329,0.42676069572885006
1,Intera Popolazione,29,Valore Complessivo di Esposizione,1,Globale,3,Entrambi,13,40-44 anni,103,Uso di droghe,3,Tasso,2014,0.65345880618769,1.1553504550437899,0.32243574944323
1,Intera Popolazione,29,Valore Complessivo di Esposizione,1,Globale,3,Entrambi,14,45-49 anni,103,Uso di droghe,3,Tasso,2014,0.56358556032551,1.0275007659212,0.26140691977864
1,Intera Popolazione,29,Valore Complessivo di Esposizione,1,Globale,3,Entrambi,15,50-54 anni,103,Uso di droghe,3,Tasso,2014,0.53514083668045,1.03346231306811,0.22914487020686997
1,Intera Popolazione,29,Valore Complessivo di Esposizione,1,Globale,3,Entrambi,16,55-59 anni,103,Uso di droghe,3,Tasso,2014,0.44147249208215,0.85943682113956,0.19246198147219
1,Intera Popolazione,29,Valore Complessivo di Esposizione,1,Globale,3,Entrambi,17,60-64 anni,103,Uso di droghe,3,Tasso,2014,0.3256573269717,0.62074645922426,0.1446732087625
1,Intera Popolazione,29,Valore Complessivo di Esposizione,1,Globale,3,Entrambi,18,65-69 anni,103,Uso di droghe,3,Tasso,2014,0.25018132408977,0.45515493550566,0.11653645840011999
1,Intera Popolazione,29,Valore Complessivo di Esposizione,1,Globale,3,Entrambi,24,15-49 anni,103,Uso di droghe,3,Tasso,2014,0.81058078916844,1.27086411371174,0.5695350547336999
1,Intera Popolazione,29,Valore Complessivo di Esposizione,1,Globale,3,Entrambi,26,≥70 anni,103,Uso di droghe,3,Tasso,2014,0.19423356516627,0.34520379975418,0.08779162408086
1,Intera Popolazione,29,Valore Complessivo di Esposizione,1,Globale,3,Entrambi,7,10-14 anni,103,Uso di droghe,3,Tasso,2013,0.0009271362776533633,0.0037483154077867496,0.0
1,Intera Popolazione,29,Valore Complessivo di Esposizione,1,Globale,3,Entrambi,8,15-19 anni,103,Uso di droghe,3,Tasso,2013,0.22867044172519999,0.33217855691436,0.15206329275119002
1,Intera Popolazione,29,Valore Complessivo di Esposizione,1,Globale,3,Entrambi,9,20-24 anni,103,Uso di droghe,3,Tasso,2013,1.00351310605647,1.36209667304938,0.76161670411214
1,Intera Popolazione,29,Valore Complessivo di Esposizione,1,Globale,3,Entrambi,10,25-29 anni,103,Uso di droghe,3,Tasso,2013,1.24342108941187,1.76592815558918,0.96142369593541
1,Intera Popolazione,29,Valore Complessivo di Esposizione,1,Globale,3,Entrambi,11,30-34 anni,103,Uso di droghe,3,Tasso,2013,1.03755032538027,1.76906774785032,0.64302925231071
1,Intera Popolazione,29,Valore Complessivo di Esposizione,1,Globale,3,Entrambi,12,35-39 anni,103,Uso di droghe,3,Tasso,2013,0.7954065636068199,1.34419149977935,0.42365750975170996
1,Intera Popolazione,29,Valore Complessivo di Esposizione,1,Globale,3,Entrambi,13,40-44 anni,103,Uso di droghe,3,Tasso,2013,0.63758053644385,1.11789141093534,0.31982829945344
1,Intera Popolazione,29,Valore Complessivo di Esposizione,1,Globale,3,Entrambi,14,45-49 anni,103,Uso di droghe,3,Tasso,2013,0.55040041046697,0.99894063012984,0.26000993394594
1,Intera Popolazione,29,Valore Complessivo di Esposizione,1,Globale,3,Entrambi,15,50-54 anni,103,Uso di droghe,3,Tasso,2013,0.52399153542198,1.0038615574394698,0.22848393585632
1,Intera Popolazione,29,Valore Complessivo di Esposizione,1,Globale,3,Entrambi,16,55-59 anni,103,Uso di droghe,3,Tasso,2013,0.42684926829777997,0.8353886356563801,0.1893304453097
1,Intera Popolazione,29,Valore Complessivo di Esposizione,1,Globale,3,Entrambi,17,60-64 anni,103,Uso di droghe,3,Tasso,2013,0.32028871354689004,0.6083519792022201,0.14391122876872
1,Intera Popolazione,29,Valore Complessivo di Esposizione,1,Globale,3,Entrambi,18,65-69 anni,103,Uso di droghe,3,Tasso,2013,0.24789756405895,0.45203991514809005,0.11641125690605
1,Intera Popolazione,29,Valore Complessivo di Esposizione,1,Globale,3,Entrambi,24,15-49 anni,103,Uso di droghe,3,Tasso,2013,0.7941282618608599,1.22260999463197,0.56815904900082
1,Intera Popolazione,29,Valore Complessivo di Esposizione,1,Globale,3,Entrambi,26,≥70 anni,103,Uso di droghe,3,Tasso,2013,0.19602348579942,0.34798612469032,0.08832164356489
1,Intera Popolazione,29,Valore Complessivo di Esposizione,1,Globale,3,Entrambi,7,10-14 anni,103,Uso di droghe,3,Tasso,2010,0.0009792070336360882,0.0039589772476974336,0.0
1,Intera Popolazione,29,Valore Complessivo di Esposizione,1,Globale,3,Entrambi,8,15-19 anni,103,Uso di droghe,3,Tasso,2010,0.22597136754177,0.34438253633983,0.14216185518471
1,Intera Popolazione,29,Valore Complessivo di Esposizione,1,Globale,3,Entrambi,9,20-24 anni,103,Uso di droghe,3,Tasso,2010,0.99040307261423,1.35569959226427,0.74954971264324
1,Intera Popolazione,29,Valore Complessivo di Esposizione,1,Globale,3,Entrambi,10,25-29 anni,103,Uso di droghe,3,Tasso,2010,1.22230062743945,1.7182141708555,0.9526717137223899
1,Intera Popolazione,29,Valore Complessivo di Esposizione,1,Globale,3,Entrambi,11,30-34 anni,103,Uso di droghe,3,Tasso,2010,0.9866914379878,1.64473180175095,0.63990311047556
1,Intera Popolazione,29,Valore Complessivo di Esposizione,1,Globale,3,Entrambi,12,35-39 anni,103,Uso di droghe,3,Tasso,2010,0.75772239362065,1.2466611107077399,0.42402912445806
1,Intera Popolazione,29,Valore Complessivo di Esposizione,1,Globale,3,Entrambi,13,40-44 anni,103,Uso di droghe,3,Tasso,2010,0.59556665470108,1.03346476995767,0.31425769795583003
1,Intera Popolazione,29,Valore Complessivo di Esposizione,1,Globale,3,Entrambi,14,45-49 anni,103,Uso di droghe,3,Tasso,2010,0.5244754235804899,0.9401654896623901,0.26060081011871
1,Intera Popolazione,29,Valore Complessivo di Esposizione,1,Globale,3,Entrambi,15,50-54 anni,103,Uso di droghe,3,Tasso,2010,0.47788083760411,0.9064160138652201,0.22615654537963
1,Intera Popolazione,29,Valore Complessivo di Esposizione,1,Globale,3,Entrambi,16,55-59 anni,103,Uso di droghe,3,Tasso,2010,0.38707466202095003,0.75770372637912,0.17811767033112
1,Intera Popolazione,29,Valore Complessivo di Esposizione,1,Globale,3,Entrambi,17,60-64 anni,103,Uso di droghe,3,Tasso,2010,0.30452555505191997,0.57740850566962,0.14285670614652002
1,Intera Popolazione,29,Valore Complessivo di Esposizione,1,Globale,3,Entrambi,18,65-69 anni,103,Uso di droghe,3,Tasso,2010,0.23961817117469,0.4420195085543,0.11458401450207001
1,Intera Popolazione,29,Valore Complessivo di Esposizione,1,Globale,3,Entrambi,24,15-49 anni,103,Uso di droghe,3,Tasso,2010,0.76356365884735,1.12942361718257,0.5734468025725
1,Intera Popolazione,29,Valore Complessivo di Esposizione,1,Globale,3,Entrambi,26,≥70 anni,103,Uso di droghe,3,Tasso,2010,0.20114008503845,0.35607171216199,0.09002873696327
1,Intera Popolazione,29,Valore Complessivo di Esposizione,1,Globale,3,Entrambi,7,10-14 anni,103,Uso di droghe,3,Tasso,2016,0.0008696901722578876,0.003541654624065762,0.0
1,Intera Popolazione,29,Valore Complessivo di Esposizione,1,Globale,3,Entrambi,8,15-19 anni,103,Uso di droghe,3,Tasso,2016,0.24400645708726001,0.35937295072,0.17297921366403998
1,Intera Popolazione,29,Valore Complessivo di Esposizione,1,Globale,3,Entrambi,9,20-24 anni,103,Uso di droghe,3,Tasso,2016,1.06741370806637,1.55107981767772,0.81916790675097
1,Intera Popolazione,29,Valore Complessivo di Esposizione,1,Globale,3,Entrambi,10,25-29 anni,103,Uso di droghe,3,Tasso,2016,1.32867167497255,1.95500888748888,0.98854531824725
1,Intera Popolazione,29,Valore Complessivo di Esposizione,1,Globale,3,Entrambi,11,30-34 anni,103,Uso di droghe,3,Tasso,2016,1.1000184786327198,1.91152929728203,0.6530347375479
1,Intera Popolazione,29,Valore Complessivo di Esposizione,1,Globale,3,Entrambi,12,35-39 anni,103,Uso di droghe,3,Tasso,2016,0.8700872058604101,1.53245220363829,0.43759327247766
1,Intera Popolazione,29,Valore Complessivo di Esposizione,1,Globale,3,Entrambi,13,40-44 anni,103,Uso di droghe,3,Tasso,2016,0.67780485220691,1.2137894486262502,0.32553626633287996
1,Intera Popolazione,29,Valore Complessivo di Esposizione,1,Globale,3,Entrambi,14,45-49 anni,103,Uso di droghe,3,Tasso,2016,0.5875500532283899,1.07919016236379,0.26614460111354
1,Intera Popolazione,29,Valore Complessivo di Esposizione,1,Globale,3,Entrambi,15,50-54 anni,103,Uso di droghe,3,Tasso,2016,0.53437538115799,1.03632230106309,0.22404438336432
1,Intera Popolazione,29,Valore Complessivo di Esposizione,1,Globale,3,Entrambi,16,55-59 anni,103,Uso di droghe,3,Tasso,2016,0.45537723758806004,0.87804860403604,0.19340785206580002
1,Intera Popolazione,29,Valore Complessivo di Esposizione,1,Globale,3,Entrambi,17,60-64 anni,103,Uso di droghe,3,Tasso,2016,0.32915667583371,0.62911516963781,0.14430081839790998
1,Intera Popolazione,29,Valore Complessivo di Esposizione,1,Globale,3,Entrambi,18,65-69 anni,103,Uso di droghe,3,Tasso,2016,0.25248753743112,0.46059498920908004,0.11694013154387
1,Intera Popolazione,29,Valore Complessivo di Esposizione,1,Globale,3,Entrambi,24,15-49 anni,103,Uso di droghe,3,Tasso,2016,0.85056441573561,1.3834929076681899,0.57676255266955
1,Intera Popolazione,29,Valore Complessivo di Esposizione,1,Globale,3,Entrambi,26,≥70 anni,103,Uso di droghe,3,Tasso,2016,0.19218247466973,0.34249685199355,0.08715992087374
1,Intera Popolazione,29,Valore Complessivo di Esposizione,1,Globale,3,Entrambi,7,10-14 anni,103,Uso di droghe,3,Tasso,2017,0.0008589384259054336,0.003510092417792026,0.0
1,Intera Popolazione,29,Valore Complessivo di Esposizione,1,Globale,3,Entrambi,8,15-19 anni,103,Uso di droghe,3,Tasso,2017,0.25427302885294,0.36980631330179997,0.18263212442468
1,Intera Popolazione,29,Valore Complessivo di Esposizione,1,Globale,3,Entrambi,9,20-24 anni,103,Uso di droghe,3,Tasso,2017,1.11105783663157,1.65560590190498,0.8556713925977301
1,Intera Popolazione,29,Valore Complessivo di Esposizione,1,Globale,3,Entrambi,10,25-29 anni,103,Uso di droghe,3,Tasso,2017,1.3879823784487801,2.0797715602411,1.00322572063536
1,Intera Popolazione,29,Valore Complessivo di Esposizione,1,Globale,3,Entrambi,11,30-34 anni,103,Uso di droghe,3,Tasso,2017,1.13385306553246,1.9938054855855698,0.6604947942086701
1,Intera Popolazione,29,Valore Complessivo di Esposizione,1,Globale,3,Entrambi,12,35-39 anni,103,Uso di droghe,3,Tasso,2017,0.90143135047166,1.6054739843363999,0.44421135653039
1,Intera Popolazione,29,Valore Complessivo di Esposizione,1,Globale,3,Entrambi,13,40-44 anni,103,Uso di droghe,3,Tasso,2017,0.69352768067825,1.24961503756331,0.32817986107237
1,Intera Popolazione,29,Valore Complessivo di Esposizione,1,Globale,3,Entrambi,14,45-49 anni,103,Uso di droghe,3,Tasso,2017,0.59604451314518,1.1011152679126799,0.26723718368849003
1,Intera Popolazione,29,Valore Complessivo di Esposizione,1,Globale,3,Entrambi,15,50-54 anni,103,Uso di droghe,3,Tasso,2017,0.5292447000834201,1.0284081960695,0.22047383569153
1,Intera Popolazione,29,Valore Complessivo di Esposizione,1,Globale,3,Entrambi,16,55-59 anni,103,Uso di droghe,3,Tasso,2017,0.45437984049882,0.8742002872388299,0.1917161342997
1,Intera Popolazione,29,Valore Complessivo di Esposizione,1,Globale,3,Entrambi,17,60-64 anni,103,Uso di droghe,3,Tasso,2017,0.33045305196827995,0.63399751445622,0.14445622788157
1,Intera Popolazione,29,Valore Complessivo di Esposizione,1,Globale,3,Entrambi,18,65-69 anni,103,Uso di droghe,3,Tasso,2017,0.25107274405428,0.45777293994514,0.11581390663366999
1,Intera Popolazione,29,Valore Complessivo di Esposizione,1,Globale,3,Entrambi,24,15-49 anni,103,Uso di droghe,3,Tasso,2017,0.8803593212565199,1.4564181450043001,0.58121945408964
1,Intera Popolazione,29,Valore Complessivo di Esposizione,1,Globale,3,Entrambi,26,≥70 anni,103,Uso di droghe,3,Tasso,2017,0.19220989810834,0.34225481995947,0.08742498613406
1,Intera Popolazione,29,Valore Complessivo di Esposizione,1,Globale,3,Entrambi,7,10-14 anni,103,Uso di droghe,3,Tasso,2020,0.0008290256758459588,0.0033503120113391204,0.0
1,Intera Popolazione,29,Valore Complessivo di Esposizione,1,Globale,3,Entrambi,8,15-19 anni,103,Uso di droghe,3,Tasso,2020,0.26569851883,0.3717758330825,0.19240105468693
1,Intera Popolazione,29,Valore Complessivo di Esposizione,1,Globale,3,Entrambi,9,20-24 anni,103,Uso di droghe,3,Tasso,2020,1.17927229938122,1.77644121072082,0.8837430041398701
1,Intera Popolazione,29,Valore Complessivo di Esposizione,1,Globale,3,Entrambi,10,25-29 anni,103,Uso di droghe,3,Tasso,2020,1.49575042286293,2.3233928531851,1.05111943539577
1,Intera Popolazione,29,Valore Complessivo di Esposizione,1,Globale,3,Entrambi,11,30-34 anni,103,Uso di droghe,3,Tasso,2020,1.22382637887473,2.15830153483623,0.71040337446399
1,Intera Popolazione,29,Valore Complessivo di Esposizione,1,Globale,3,Entrambi,12,35-39 anni,103,Uso di droghe,3,Tasso,2020,0.9842768281692201,1.80344295410444,0.47373133101896
1,Intera Popolazione,29,Valore Complessivo di Esposizione,1,Globale,3,Entrambi,13,40-44 anni,103,Uso di droghe,3,Tasso,2020,0.78883866277514,1.4489763637467301,0.352376778635
1,Intera Popolazione,29,Valore Complessivo di Esposizione,1,Globale,3,Entrambi,14,45-49 anni,103,Uso di droghe,3,Tasso,2020,0.66535005511571,1.23836656667905,0.28183736322641
1,Intera Popolazione,29,Valore Complessivo di Esposizione,1,Globale,3,Entrambi,15,50-54 anni,103,Uso di droghe,3,Tasso,2020,0.58826301362286,1.15938793596384,0.23284010861083002
1,Intera Popolazione,29,Valore Complessivo di Esposizione,1,Globale,3,Entrambi,16,55-59 anni,103,Uso di droghe,3,Tasso,2020,0.48678871127289003,0.95173589772782,0.19880368549812
1,Intera Popolazione,29,Valore Complessivo di Esposizione,1,Globale,3,Entrambi,17,60-64 anni,103,Uso di droghe,3,Tasso,2020,0.35350944651787997,0.6828730533484799,0.15207363384383
1,Intera Popolazione,29,Valore Complessivo di Esposizione,1,Globale,3,Entrambi,18,65-69 anni,103,Uso di droghe,3,Tasso,2020,0.25131588847747,0.45780867010289,0.1159863113405
1,Intera Popolazione,29,Valore Complessivo di Esposizione,1,Globale,3,Entrambi,24,15-49 anni,103,Uso di droghe,3,Tasso,2020,0.9512724631369399,1.60258820078573,0.59967213922407
1,Intera Popolazione,29,Valore Complessivo di Esposizione,1,Globale,3,Entrambi,26,≥70 anni,103,Uso di droghe,3,Tasso,2020,0.18863409490049002,0.33490287049216,0.08702041420138
1,Intera Popolazione,29,Valore Complessivo di Esposizione,1,Globale,3,Entrambi,7,10-14 anni,103,Uso di droghe,3,Tasso,2023,0.007925491057518802,0.01285819398096,0.00567284907303509
1,Intera Popolazione,29,Valore Complessivo di Esposizione,1,Globale,3,Entrambi,8,15-19 anni,103,Uso di droghe,3,Tasso,2023,0.27924556673057,0.39132387618535996,0.20236096977838
1,Intera Popolazione,29,Valore Complessivo di Esposizione,1,Globale,3,Entrambi,9,20-24 anni,103,Uso di droghe,3,Tasso,2023,1.22182304987316,1.85215082928128,0.90366593274381
1,Intera Popolazione,29,Valore Complessivo di Esposizione,1,Globale,3,Entrambi,10,25-29 anni,103,Uso di droghe,3,Tasso,2023,1.53431844047409,2.40625562612791,1.0613494236446899
1,Intera Popolazione,29,Valore Complessivo di Esposizione,1,Globale,3,Entrambi,11,30-34 anni,103,Uso di droghe,3,Tasso,2023,1.30097239723483,2.30550527934314,0.742764470186
1,Intera Popolazione,29,Valore Complessivo di Esposizione,1,Globale,3,Entrambi,12,35-39 anni,103,Uso di droghe,3,Tasso,2023,1.01865198588623,1.8599040102084199,0.49113601056903
1,Intera Popolazione,29,Valore Complessivo di Esposizione,1,Globale,3,Entrambi,13,40-44 anni,103,Uso di droghe,3,Tasso,2023,0.8350880161429699,1.52359538406978,0.37187287066668
1,Intera Popolazione,29,Valore Complessivo di Esposizione,1,Globale,3,Entrambi,14,45-49 anni,103,Uso di droghe,3,Tasso,2023,0.68321728900556,1.2640741756413398,0.28770609762532
1,Intera Popolazione,29,Valore Complessivo di Esposizione,1,Globale,3,Entrambi,15,50-54 anni,103,Uso di droghe,3,Tasso,2023,0.5960399408907601,1.17924751033328,0.23813381941991002
1,Intera Popolazione,29,Valore Complessivo di Esposizione,1,Globale,3,Entrambi,16,55-59 anni,103,Uso di droghe,3,Tasso,2023,0.47251369488807,0.927304992369,0.19589462537567
1,Intera Popolazione,29,Valore Complessivo di Esposizione,1,Globale,3,Entrambi,17,60-64 anni,103,Uso di droghe,3,Tasso,2023,0.36203122904811,0.6997334066305401,0.15545116674052
1,Intera Popolazione,29,Valore Complessivo di Esposizione,1,Globale,3,Entrambi,18,65-69 anni,103,Uso di droghe,3,Tasso,2023,0.26804833516168,0.49465424348939,0.12228984765911999
1,Intera Popolazione,29,Valore Complessivo di Esposizione,1,Globale,3,Entrambi,24,15-49 anni,103,Uso di droghe,3,Tasso,2023,0.98427280093879,1.66293634273156,0.61182983934903
1,Intera Popolazione,29,Valore Complessivo di Esposizione,1,Globale,3,Entrambi,26,≥70 anni,103,Uso di droghe,3,Tasso,2023,0.2026778716165,0.35947875276044,0.09194348187508
1,Intera Popolazione,29,Valore Complessivo di Esposizione,1,Globale,3,Entrambi,7,10-14 anni,103,Uso di droghe,3,Tasso,2018,0.0008523255812888095,0.003515010217454999,0.0
1,Intera Popolazione,29,Valore Complessivo di Esposizione,1,Globale,3,Entrambi,8,15-19 anni,103,Uso di droghe,3,Tasso,2018,0.26335448407198,0.37558771341968,0.18852242864698998
1,Intera Popolazione,29,Valore Complessivo di Esposizione,1,Globale,3,Entrambi,9,20-24 anni,103,Uso di droghe,3,Tasso,2018,1.15145227054599,1.7458090769216,0.85794354870365
1,Intera Popolazione,29,Valore Complessivo di Esposizione,1,Globale,3,Entrambi,10,25-29 anni,103,Uso di droghe,3,Tasso,2018,1.44424576550369,2.2084768017483403,1.0155293337294
1,Intera Popolazione,29,Valore Complessivo di Esposizione,1,Globale,3,Entrambi,11,30-34 anni,103,Uso di droghe,3,Tasso,2018,1.16717504325209,2.07326861048459,0.66813616254594
1,Intera Popolazione,29,Valore Complessivo di Esposizione,1,Globale,3,Entrambi,12,35-39 anni,103,Uso di droghe,3,Tasso,2018,0.9325636367970199,1.6742643034726299,0.45172143584736996
1,Intera Popolazione,29,Valore Complessivo di Esposizione,1,Globale,3,Entrambi,13,40-44 anni,103,Uso di droghe,3,Tasso,2018,0.71521610068399,1.30132354332921,0.33310808024078
1,Intera Popolazione,29,Valore Complessivo di Esposizione,1,Globale,3,Entrambi,14,45-49 anni,103,Uso di droghe,3,Tasso,2018,0.6054569369802799,1.12543338722358,0.26846071297446
1,Intera Popolazione,29,Valore Complessivo di Esposizione,1,Globale,3,Entrambi,15,50-54 anni,103,Uso di droghe,3,Tasso,2018,0.52715916810992,1.02987606514406,0.21765282646833
1,Intera Popolazione,29,Valore Complessivo di Esposizione,1,Globale,3,Entrambi,16,55-59 anni,103,Uso di droghe,3,Tasso,2018,0.45127603133265004,0.86715913498571,0.18899760750278
1,Intera Popolazione,29,Valore Complessivo di Esposizione,1,Globale,3,Entrambi,17,60-64 anni,103,Uso di droghe,3,Tasso,2018,0.33268443028908,0.6407164412817601,0.14490424593472
1,Intera Popolazione,29,Valore Complessivo di Esposizione,1,Globale,3,Entrambi,18,65-69 anni,103,Uso di droghe,3,Tasso,2018,0.25014288597432,0.45610728297311,0.11496998178657
1,Intera Popolazione,29,Valore Complessivo di Esposizione,1,Globale,3,Entrambi,24,15-49 anni,103,Uso di droghe,3,Tasso,2018,0.9091875808476001,1.52326245320988,0.58532774004256
1,Intera Popolazione,29,Valore Complessivo di Esposizione,1,Globale,3,Entrambi,26,≥70 anni,103,Uso di droghe,3,Tasso,2018,0.19214440762113,0.34185791556689,0.08758210154624
1,Intera Popolazione,29,Valore Complessivo di Esposizione,1,Globale,3,Entrambi,7,10-14 anni,103,Uso di droghe,3,Tasso,2021,0.0008382140493168566,0.0033936186311387556,0.0
1,Intera Popolazione,29,Valore Complessivo di Esposizione,1,Globale,3,Entrambi,8,15-19 anni,103,Uso di droghe,3,Tasso,2021,0.26561671716973,0.37193496267534,0.19105820466709
1,Intera Popolazione,29,Valore Complessivo di Esposizione,1,Globale,3,Entrambi,9,20-24 anni,103,Uso di droghe,3,Tasso,2021,1.1770192397157901,1.7713910937542199,0.88717832298886
1,Intera Popolazione,29,Valore Complessivo di Esposizione,1,Globale,3,Entrambi,10,25-29 anni,103,Uso di droghe,3,Tasso,2021,1.48063655953253,2.30050305842958,1.0437911033320602
1,Intera Popolazione,29,Valore Complessivo di Esposizione,1,Globale,3,Entrambi,11,30-34 anni,103,Uso di droghe,3,Tasso,2021,1.22347099459302,2.1620543562695502,0.71226501381807
1,Intera Popolazione,29,Valore Complessivo di Esposizione,1,Globale,3,Entrambi,12,35-39 anni,103,Uso di droghe,3,Tasso,2021,0.97533749409397,1.77789798149655,0.47565962375272003
1,Intera Popolazione,29,Valore Complessivo di Esposizione,1,Globale,3,Entrambi,13,40-44 anni,103,Uso di droghe,3,Tasso,2021,0.7914118944705201,1.44361069436912,0.35665890377049997
1,Intera Popolazione,29,Valore Complessivo di Esposizione,1,Globale,3,Entrambi,14,45-49 anni,103,Uso di droghe,3,Tasso,2021,0.65543076907312,1.21391528270556,0.27964602717296
1,Intera Popolazione,29,Valore Complessivo di Esposizione,1,Globale,3,Entrambi,15,50-54 anni,103,Uso di droghe,3,Tasso,2021,0.5823543963647599,1.14826624073601,0.23151333495940998
1,Intera Popolazione,29,Valore Complessivo di Esposizione,1,Globale,3,Entrambi,16,55-59 anni,103,Uso di droghe,3,Tasso,2021,0.47244393661333,0.9175808738276,0.19533860175538
1,Intera Popolazione,29,Valore Complessivo di Esposizione,1,Globale,3,Entrambi,17,60-64 anni,103,Uso di droghe,3,Tasso,2021,0.35215877027275,0.67613925888831,0.15161044776676
1,Intera Popolazione,29,Valore Complessivo di Esposizione,1,Globale,3,Entrambi,18,65-69 anni,103,Uso di droghe,3,Tasso,2021,0.25137374937993,0.45683888452661,0.11522131021461
1,Intera Popolazione,29,Valore Complessivo di Esposizione,1,Globale,3,Entrambi,24,15-49 anni,103,Uso di droghe,3,Tasso,2021,0.9447615711688199,1.58019389219176,0.60098911175271
1,Intera Popolazione,29,Valore Complessivo di Esposizione,1,Globale,3,Entrambi,26,≥70 anni,103,Uso di droghe,3,Tasso,2021,0.18909289741660001,0.33624317188612,0.08714695411147
1,Intera Popolazione,29,Valore Complessivo di Esposizione,1,Globale,3,Entrambi,7,10-14 anni,103,Uso di droghe,3,Tasso,2019,0.000850168055723018,0.0035008508752019272,0.0
1,Intera Popolazione,29,Valore Complessivo di Esposizione,1,Globale,3,Entrambi,8,15-19 anni,103,Uso di droghe,3,Tasso,2019,0.26713896463723,0.38289424641185,0.19293774497935
1,Intera Popolazione,29,Valore Complessivo di Esposizione,1,Globale,3,Entrambi,9,20-24 anni,103,Uso di droghe,3,Tasso,2019,1.1707090730223901,1.7903692229275898,0.86561125632548
1,Intera Popolazione,29,Valore Complessivo di Esposizione,1,Globale,3,Entrambi,10,25-29 anni,103,Uso di droghe,3,Tasso,2019,1.47663924601413,2.28768791412595,1.0182811656185902
1,Intera Popolazione,29,Valore Complessivo di Esposizione,1,Globale,3,Entrambi,11,30-34 anni,103,Uso di droghe,3,Tasso,2019,1.1936753209453599,2.12986919734506,0.67700685567287
1,Intera Popolazione,29,Valore Complessivo di Esposizione,1,Globale,3,Entrambi,12,35-39 anni,103,Uso di droghe,3,Tasso,2019,0.9582180918912201,1.7253158847267798,0.46127996098057
1,Intera Popolazione,29,Valore Complessivo di Esposizione,1,Globale,3,Entrambi,13,40-44 anni,103,Uso di droghe,3,Tasso,2019,0.74308529413353,1.36378545616728,0.33911456878989
1,Intera Popolazione,29,Valore Complessivo di Esposizione,1,Globale,3,Entrambi,14,45-49 anni,103,Uso di droghe,3,Tasso,2019,0.61909663301658,1.16047000495134,0.26952173526583
1,Intera Popolazione,29,Valore Complessivo di Esposizione,1,Globale,3,Entrambi,15,50-54 anni,103,Uso di droghe,3,Tasso,2019,0.53216571708631,1.04237415185256,0.21683210631474
1,Intera Popolazione,29,Valore Complessivo di Esposizione,1,Globale,3,Entrambi,16,55-59 anni,103,Uso di droghe,3,Tasso,2019,0.45053670688548,0.8660143375093099,0.18733963049316998
1,Intera Popolazione,29,Valore Complessivo di Esposizione,1,Globale,3,Entrambi,17,60-64 anni,103,Uso di droghe,3,Tasso,2019,0.33577441802875,0.64844496186865,0.14569902559567
1,Intera Popolazione,29,Valore Complessivo di Esposizione,1,Globale,3,Entrambi,18,65-69 anni,103,Uso di droghe,3,Tasso,2019,0.25051256461762,0.45552280426854996,0.11471518527176999
1,Intera Popolazione,29,Valore Complessivo di Esposizione,1,Globale,3,Entrambi,24,15-49 anni,103,Uso di droghe,3,Tasso,2019,0.92923024432458,1.57385275104823,0.58723550590112
1,Intera Popolazione,29,Valore Complessivo di Esposizione,1,Globale,3,Entrambi,26,≥70 anni,103,Uso di droghe,3,Tasso,2019,0.19188157053839,0.34151660133001,0.08761117417799
1,Intera Popolazione,29,Valore Complessivo di Esposizione,1,Globale,3,Entrambi,7,10-14 anni,103,Uso di droghe,3,Tasso,2022,0.0008417109338768793,0.0034509670792552257,0.0
1,Intera Popolazione,29,Valore Complessivo di Esposizione,1,Globale,3,Entrambi,8,15-19 anni,103,Uso di droghe,3,Tasso,2022,0.273005645351,0.38246175870363,0.19518789138022
1,Intera Popolazione,29,Valore Complessivo di Esposizione,1,Globale,3,Entrambi,9,20-24 anni,103,Uso di droghe,3,Tasso,2022,1.21726766388643,1.84120728209613,0.9029335892330501
1,Intera Popolazione,29,Valore Complessivo di Esposizione,1,Globale,3,Entrambi,10,25-29 anni,103,Uso di droghe,3,Tasso,2022,1.53617023442538,2.39915402370401,1.06678669381958
1,Intera Popolazione,29,Valore Complessivo di Esposizione,1,Globale,3,Entrambi,11,30-34 anni,103,Uso di droghe,3,Tasso,2022,1.29292610325969,2.28727559192958,0.7429256095742399
1,Intera Popolazione,29,Valore Complessivo di Esposizione,1,Globale,3,Entrambi,12,35-39 anni,103,Uso di droghe,3,Tasso,2022,1.01825396054692,1.85469560714761,0.49010519082639
1,Intera Popolazione,29,Valore Complessivo di Esposizione,1,Globale,3,Entrambi,13,40-44 anni,103,Uso di droghe,3,Tasso,2022,0.8279363554167699,1.5102580539058699,0.36900380069281
1,Intera Popolazione,29,Valore Complessivo di Esposizione,1,Globale,3,Entrambi,14,45-49 anni,103,Uso di droghe,3,Tasso,2022,0.67463012370114,1.24711132805392,0.28495665327346
1,Intera Popolazione,29,Valore Complessivo di Esposizione,1,Globale,3,Entrambi,15,50-54 anni,103,Uso di droghe,3,Tasso,2022,0.5933341095616,1.1751493425416801,0.23677054942031003
1,Intera Popolazione,29,Valore Complessivo di Esposizione,1,Globale,3,Entrambi,16,55-59 anni,103,Uso di droghe,3,Tasso,2022,0.47410215977705006,0.9318942947196899,0.19579836638199
1,Intera Popolazione,29,Valore Complessivo di Esposizione,1,Globale,3,Entrambi,17,60-64 anni,103,Uso di droghe,3,Tasso,2022,0.3601326092476,0.6961473310955699,0.15367256520567998
1,Intera Popolazione,29,Valore Complessivo di Esposizione,1,Globale,3,Entrambi,18,65-69 anni,103,Uso di droghe,3,Tasso,2022,0.26155891060959996,0.48499829251668003,0.1186702115956
1,Intera Popolazione,29,Valore Complessivo di Esposizione,1,Globale,3,Entrambi,24,15-49 anni,103,Uso di droghe,3,Tasso,2022,0.9819078116483901,1.6555529334042098,0.61344286197415
1,Intera Popolazione,29,Valore Complessivo di Esposizione,1,Globale,3,Entrambi,26,≥70 anni,103,Uso di droghe,3,Tasso,2022,0.19709155182653001,0.34905785975215,0.08941241811398
